,puiss_max,masse_ordma_min,Marque,Carrosserie,boite,gamme2
1,125.0,1565,0,0,1,4
2,100.0,1565,0,0,1,4
4,125.0,1565,0,0,1,4
7,125.0,1615,0,1,1,4
8,100.0,1615,0,1,1,4
10,125.0,1615,0,1,1,4
16,125.0,1555,0,4,1,4
18,120.0,1555,0,4,1,4
40,77.0,1385,0,0,1,3
42,125.0,1410,0,0,0,3
44,125.0,1395,0,0,1,3
53,120.0,1410,0,0,0,3
55,120.0,1395,0,0,1,3
57,103.0,1395,0,0,1,3
61,100.0,1395,0,0,1,3
67,88.0,1280,0,0,1,1
69,85.0,1280,0,0,1,1
78,70.0,1225,0,0,1,1
82,62.0,1225,0,0,1,1
86,62.0,1225,0,0,1,1
90,62.0,1225,0,0,1,1
101,125.0,1615,0,2,1,5
102,120.0,1615,0,2,1,5
184,66.0,1235,2,0,0,1
185,66.0,1210,2,0,1,1
186,77.0,1215,2,0,1,1
188,105.0,1265,2,0,1,1
194,66.0,1260,2,0,0,1
195,66.0,1235,2,0,1,1
196,77.0,1240,2,0,1,1
198,105.0,1290,2,0,1,1
203,77.0,1505,2,2,1,3
209,100.0,1570,2,2,0,3
210,100.0,1550,2,2,1,3
218,77.0,1325,2,0,0,3
219,77.0,1305,2,0,1,3
223,110.0,1370,2,0,0,3
224,110.0,1355,2,0,1,3
225,110.0,1435,2,0,1,3
227,77.0,1355,2,0,0,3
228,77.0,1335,2,0,1,3
233,110.0,1395,2,0,0,3
234,110.0,1385,2,0,1,3
235,110.0,1465,2,0,1,3
238,180.0,1755,2,1,1,4
241,130.0,1610,2,1,1,4
242,130.0,1715,2,1,0,4
243,130.0,1675,2,1,1,4
245,100.0,1610,2,1,1,4
246,88.0,1615,2,1,1,4
247,180.0,1840,2,1,0,4
249,150.0,1695,2,1,1,4
251,130.0,1745,2,9,0,4
252,130.0,1705,2,9,1,4
253,180.0,1865,2,9,0,4
256,180.0,1715,2,0,1,4
258,130.0,1555,2,0,1,4
259,130.0,1670,2,0,0,4
260,130.0,1635,2,0,1,4
262,100.0,1550,2,0,1,4
263,88.0,1560,2,0,1,4
264,180.0,1795,2,0,0,4
266,150.0,1650,2,0,1,4
268,180.0,1680,2,4,1,4
271,130.0,1545,2,4,1,4
272,130.0,1650,2,4,0,4
273,130.0,1610,2,4,1,4
275,180.0,1755,2,4,0,4
277,150.0,1615,2,4,1,4
281,130.0,1730,2,2,1,4
282,130.0,1795,2,2,1,4
286,180.0,1735,2,0,1,4
288,130.0,1590,2,0,1,4
289,130.0,1700,2,0,0,4
290,130.0,1670,2,0,1,4
292,180.0,1810,2,9,0,2
294,150.0,1670,2,0,1,4
299,180.0,1865,2,1,0,2
302,130.0,1715,2,1,1,2
304,100.0,1715,2,1,1,2
305,230.0,1930,2,1,0,2
310,180.0,1900,2,1,0,2
311,150.0,1865,2,1,0,2
313,150.0,1765,2,1,1,2
315,180.0,1930,2,9,0,2
316,230.0,1985,2,9,0,2
318,180.0,1955,2,9,0,2
319,150.0,1930,2,9,0,2
322,180.0,1795,2,0,0,2
325,130.0,1650,2,0,1,2
327,100.0,1650,2,0,1,2
328,230.0,1865,2,0,0,2
333,180.0,1835,2,0,0,2
334,150.0,1795,2,0,0,2
336,150.0,1700,2,0,1,2
337,180.0,1860,2,0,0,2
339,230.0,1925,2,0,0,2
344,180.0,1895,2,0,0,2
345,150.0,1860,2,0,0,2
350,258.0,2120,2,0,0,2
351,184.0,1965,2,0,0,2
355,150.0,1920,2,0,0,2
356,184.0,2005,2,0,0,2
357,258.0,2070,2,0,0,2
358,184.0,1915,2,0,0,2
362,150.0,1870,2,0,0,2
363,184.0,1955,2,0,0,2
365,103.0,1520,2,9,1,5
366,103.0,1645,2,9,0,5
367,103.0,1610,2,9,1,5
368,130.0,1565,2,9,1,5
369,130.0,1660,2,9,0,5
370,130.0,1650,2,9,1,5
373,180.0,1935,2,9,0,5
374,130.0,1895,2,9,0,5
375,130.0,1830,2,9,1,5
376,230.0,1995,2,9,0,5
377,110.0,1755,2,9,1,5
378,110.0,1830,2,9,1,5
382,250.0,2515,2,9,0,2
383,150.0,2375,2,9,0,2
386,180.0,2375,2,9,0,2
408,125.0,1490,2,4,0,2
409,125.0,1465,2,4,1,2
421,125.0,1535,2,4,0,2
422,125.0,1505,2,4,1,2
445,70.0,1380,4,0,1,3
448,70.0,1385,4,0,1,3
451,85.0,1370,4,0,1,3
456,85.0,1420,4,0,0,3
457,85.0,1385,4,0,1,3
460,105.0,1560,4,2,1,3
461,105.0,1575,4,2,0,3
462,105.0,1395,4,4,1,3
463,105.0,1420,4,4,0,3
466,105.0,1385,4,0,1,3
467,105.0,1410,4,0,0,3
472,105.0,1420,4,0,0,3
473,105.0,1395,4,0,1,3
478,130.0,1580,4,2,1,3
479,130.0,1590,4,2,0,3
480,130.0,1450,4,4,1,3
481,130.0,1450,4,4,0,3
482,135.0,1415,4,0,1,3
483,135.0,1415,4,0,1,3
484,135.0,1495,4,0,1,3
485,135.0,1495,4,0,1,3
488,130.0,1440,4,0,1,3
489,130.0,1440,4,0,0,3
490,135.0,1500,4,0,1,3
491,135.0,1500,4,0,1,3
492,135.0,1440,4,0,0,3
493,135.0,1440,4,0,0,3
494,135.0,1420,4,0,1,3
495,135.0,1420,4,0,1,3
496,160.0,1480,4,0,0,3
497,160.0,1465,4,0,1,3
498,150.0,1615,4,2,1,3
499,150.0,1615,4,2,0,3
500,150.0,1495,4,4,1,3
501,150.0,1495,4,4,0,3
502,150.0,1485,4,0,1,3
503,150.0,1485,4,0,0,3
508,85.0,1385,4,0,1,3
523,85.0,1570,4,1,0,5
524,85.0,1570,4,1,0,5
525,85.0,1550,4,1,1,5
526,85.0,1550,4,1,1,5
532,85.0,1505,4,0,0,5
533,85.0,1505,4,0,0,5
534,85.0,1485,4,0,1,5
535,85.0,1485,4,0,1,5
536,105.0,1635,4,0,0,5
537,105.0,1635,4,0,0,5
538,105.0,1615,4,0,1,5
539,105.0,1615,4,0,1,5
540,105.0,1570,4,1,0,5
541,105.0,1570,4,1,0,5
542,105.0,1550,4,1,1,5
543,105.0,1550,4,1,1,5
546,105.0,1565,4,1,1,5
547,105.0,1580,4,1,0,5
548,105.0,1505,4,0,0,5
549,105.0,1505,4,0,0,5
550,105.0,1485,4,0,1,5
551,105.0,1485,4,0,1,5
554,135.0,1650,4,0,0,5
555,135.0,1650,4,0,0,5
556,135.0,1640,4,0,1,5
557,135.0,1640,4,0,1,5
560,135.0,1730,4,2,1,5
561,135.0,1745,4,2,0,5
564,135.0,1590,4,4,1,5
565,135.0,1605,4,4,0,5
566,135.0,1495,4,4,1,5
567,135.0,1505,4,4,0,5
576,135.0,1660,4,1,0,5
577,135.0,1660,4,1,0,5
578,135.0,1650,4,1,1,5
579,135.0,1650,4,1,1,5
580,120.0,1575,4,1,0,5
581,120.0,1565,4,1,1,5
584,135.0,1580,4,1,1,5
585,135.0,1595,4,1,0,5
586,135.0,1665,4,1,1,5
587,135.0,1680,4,1,0,5
588,120.0,1580,4,1,1,5
597,135.0,1505,4,0,0,5
598,135.0,1505,4,0,0,5
599,135.0,1495,4,0,1,5
600,135.0,1495,4,0,1,5
601,135.0,1595,4,0,0,5
602,135.0,1595,4,0,0,5
603,135.0,1585,4,0,1,5
604,135.0,1585,4,0,1,5
605,120.0,1505,4,0,0,5
606,120.0,1495,4,0,1,5
610,150.0,1815,4,2,1,5
611,150.0,1830,4,2,0,5
616,150.0,1590,4,4,1,5
617,150.0,1605,4,4,0,5
618,160.0,1615,4,1,1,5
623,150.0,1665,4,1,1,5
624,150.0,1680,4,1,0,5
625,160.0,1550,4,0,1,5
634,180.0,1825,4,2,1,5
635,180.0,1840,4,2,0,5
640,180.0,1700,4,4,1,5
641,180.0,1715,4,4,0,5
642,180.0,1600,4,4,1,5
643,180.0,1615,4,4,0,5
644,190.0,1750,4,1,0,5
649,180.0,1775,4,1,1,5
650,180.0,1790,4,1,0,5
651,180.0,1675,4,1,1,5
652,180.0,1690,4,1,0,5
653,190.0,1685,4,0,0,5
660,210.0,1645,4,4,0,5
668,210.0,1720,4,1,0,5
673,135.0,1790,4,1,0,2
674,135.0,1790,4,1,0,2
675,135.0,1790,4,1,0,2
676,135.0,1785,4,1,1,2
677,135.0,1785,4,1,1,2
678,135.0,1785,4,1,1,2
685,135.0,1700,4,0,0,2
686,135.0,1700,4,0,0,2
687,135.0,1700,4,0,0,2
688,135.0,1695,4,0,1,2
689,135.0,1695,4,0,1,2
690,135.0,1695,4,0,1,2
691,135.0,1695,4,0,1,2
698,135.0,1950,4,0,0,2
699,160.0,1825,4,1,0,2
700,160.0,1825,4,1,0,2
701,160.0,1825,4,1,0,2
702,160.0,1820,4,1,1,2
703,160.0,1820,4,1,1,2
704,160.0,1820,4,1,1,2
705,160.0,1895,4,1,0,2
706,160.0,1895,4,1,0,2
707,160.0,1895,4,1,0,2
708,160.0,1795,4,0,0,2
709,160.0,1795,4,0,0,2
710,160.0,1795,4,0,0,2
711,160.0,1725,4,0,0,2
712,160.0,1725,4,0,0,2
713,160.0,1725,4,0,0,2
714,160.0,1720,4,0,1,2
715,160.0,1720,4,0,1,2
716,160.0,1720,4,0,1,2
735,190.0,1940,4,1,0,2
736,190.0,1940,4,1,0,2
737,190.0,1940,4,1,0,2
744,190.0,1870,4,1,0,2
745,190.0,1870,4,1,0,2
746,190.0,1870,4,1,0,2
747,190.0,1860,4,1,1,2
748,190.0,1860,4,1,1,2
749,190.0,1860,4,1,1,2
750,190.0,1865,4,0,0,2
751,190.0,1865,4,0,0,2
752,190.0,1865,4,0,0,2
753,190.0,1770,4,0,0,2
754,190.0,1770,4,0,0,2
755,190.0,1770,4,0,0,2
756,190.0,1760,4,0,1,2
757,190.0,1760,4,0,1,2
758,190.0,1760,4,0,1,2
765,180.0,2035,4,0,0,2
766,180.0,2090,4,0,0,2
767,190.0,2085,4,0,0,2
768,190.0,2015,4,0,0,2
778,230.0,1970,4,1,0,2
779,230.0,1970,4,1,0,2
780,230.0,1970,4,1,0,2
781,230.0,1900,4,1,0,2
782,230.0,1900,4,1,0,2
783,230.0,1900,4,1,0,2
793,230.0,1800,4,0,0,2
794,230.0,1800,4,0,0,2
795,230.0,1800,4,0,0,2
796,230.0,1870,4,0,0,2
797,230.0,1870,4,0,0,2
798,230.0,1870,4,0,0,2
800,220.0,2045,4,0,0,2
802,220.0,2110,4,0,0,2
803,230.0,2115,4,0,0,2
804,230.0,2045,4,0,0,2
807,280.0,2065,4,1,0,2
812,280.0,1970,4,1,0,2
817,230.0,1945,4,4,0,2
818,230.0,1945,4,4,0,2
819,230.0,1945,4,4,0,2
829,230.0,1790,4,4,0,2
830,230.0,1790,4,4,0,2
831,230.0,1790,4,4,0,2
835,230.0,1935,4,2,0,2
836,230.0,1935,4,2,0,2
837,230.0,1935,4,2,0,2
838,230.0,1870,4,4,0,2
839,230.0,1870,4,4,0,2
840,230.0,1870,4,4,0,2
841,230.0,2005,4,2,0,2
842,230.0,2005,4,2,0,2
843,230.0,2005,4,2,0,2
867,180.0,1940,4,0,0,2
868,180.0,1975,4,0,0,2
869,190.0,1915,4,0,0,2
870,190.0,1985,4,0,0,2
871,190.0,1950,4,0,0,2
874,225.0,2025,4,0,0,2
875,225.0,1950,4,0,0,2
877,230.0,2015,4,0,0,2
878,230.0,1940,4,0,0,2
886,280.0,2070,4,0,0,2
888,280.0,2095,4,0,0,2
915,160.0,1670,4,9,0,4
916,160.0,1660,4,9,1,4
919,105.0,1570,4,9,0,4
920,105.0,1545,4,9,1,4
921,130.0,1575,4,9,0,4
922,130.0,1565,4,9,1,4
923,105.0,1570,4,9,0,4
924,105.0,1555,4,9,1,4
925,135.0,1575,4,9,0,4
926,135.0,1565,4,9,1,4
927,105.0,1650,4,9,0,4
928,105.0,1615,4,9,1,4
929,130.0,1660,4,9,0,4
930,130.0,1650,4,9,1,4
931,150.0,1670,4,9,0,4
932,150.0,1660,4,9,1,4
933,105.0,1650,4,9,0,4
934,105.0,1640,4,9,1,4
935,135.0,1660,4,9,0,4
936,135.0,1650,4,9,1,4
937,85.0,1555,4,9,1,4
938,120.0,1565,4,9,1,4
943,105.0,1755,4,9,0,5
944,105.0,1735,4,9,1,5
945,135.0,1800,4,9,0,5
946,135.0,1790,4,9,1,5
947,190.0,1875,4,9,0,5
948,230.0,1925,4,9,0,5
952,180.0,2150,4,9,0,2
953,225.0,2185,4,9,0,2
954,280.0,2225,4,9,0,2
960,280.0,2225,4,9,0,2
1018,55.0,1247,6,0,1,1
1019,70.0,1240,6,0,1,1
1024,55.0,1262,6,0,1,1
1025,70.0,1278,6,0,1,1
1030,120.0,1903,6,9,0,4
1031,120.0,1878,6,9,1,4
1032,135.0,1978,6,9,0,4
1033,135.0,1953,6,9,1,4
1048,120.0,1585,6,0,0,4
1049,120.0,1555,6,0,1,4
1050,96.0,1504,6,0,1,4
1053,120.0,1565,6,0,0,4
1054,120.0,1535,6,0,1,4
1055,96.0,1500,6,0,1,4
1057,120.0,1614,6,1,0,4
1058,120.0,1595,6,1,1,4
1059,96.0,1550,6,1,1,4
1061,118.0,1710,6,0,0,2
1062,118.0,1670,6,0,1,2
1064,120.0,1734,6,9,0,3
1065,120.0,1730,6,9,1,3
1066,96.0,1730,6,9,1,3
1073,96.0,1504,6,9,1,1
1074,96.0,1458,6,9,1,1
1075,96.0,1470,6,9,0,1
1079,84.0,1476,7,3,1,1
1080,55.0,1435,7,3,1,1
1081,68.0,1435,7,3,1,1
1082,68.0,1395,7,3,1,1
1083,68.0,1505,7,3,0,1
1084,84.0,1589,7,3,1,1
1085,68.0,1576,7,3,1,1
1101,50.0,1155,7,0,1,1
1102,50.0,1145,7,0,1,1
1103,50.0,1145,7,0,1,1
1104,84.0,1165,7,0,1,1
1105,84.0,1165,7,0,1,1
1106,84.0,1165,7,0,1,1
1107,84.0,1165,7,0,1,1
1108,68.0,1155,7,0,1,1
1109,68.0,1155,7,0,1,1
1110,68.0,1165,7,0,0,1
1111,68.0,1165,7,0,0,1
1112,68.0,1160,7,0,1,1
1113,68.0,1160,7,0,1,1
1114,68.0,1160,7,0,1,1
1126,84.0,1393,7,6,1,1
1127,84.0,1393,7,6,1,1
1128,68.0,1280,7,6,1,1
1129,68.0,1280,7,6,1,1
1130,68.0,1388,7,6,1,1
1131,68.0,1388,7,6,1,1
1140,84.0,1280,7,0,1,3
1141,84.0,1280,7,0,1,3
1142,84.0,1280,7,0,1,3
1143,84.0,1280,7,0,0,3
1144,84.0,1280,7,0,0,3
1145,84.0,1280,7,0,0,3
1146,68.0,1280,7,0,1,3
1147,68.0,1280,7,0,1,3
1148,68.0,1280,7,0,1,3
1149,110.0,1395,7,0,1,3
1150,110.0,1395,7,0,1,3
1151,110.0,1505,7,9,1,3
1152,110.0,1570,7,9,1,3
1153,84.0,1390,7,9,1,3
1154,84.0,1500,7,9,1,3
1160,85.0,1370,7,8,0,3
1161,85.0,1373,7,8,1,3
1162,85.0,1370,7,8,0,3
1163,68.0,1354,7,8,1,3
1164,68.0,1364,7,8,0,3
1165,82.0,1565,7,8,1,3
1166,82.0,1565,7,8,1,3
1167,82.0,1585,7,8,0,3
1168,82.0,1595,7,8,0,3
1169,82.0,1585,7,8,0,3
1170,82.0,1595,7,8,0,3
1171,82.0,1585,7,8,0,3
1172,82.0,1595,7,8,0,3
1173,110.0,1615,7,8,0,3
1174,110.0,1615,7,8,0,3
1175,110.0,1615,7,8,1,3
1176,110.0,1615,7,8,1,3
1179,82.0,1505,7,8,1,3
1180,82.0,1505,7,8,1,3
1181,82.0,1495,7,8,0,3
1182,82.0,1505,7,8,0,3
1183,82.0,1495,7,8,0,3
1184,82.0,1505,7,8,0,3
1185,82.0,1495,7,8,0,3
1186,82.0,1505,7,8,0,3
1187,150.0,1735,7,0,0,4
1191,84.0,1600,7,0,0,4
1192,84.0,1581,7,0,1,4
1193,103.0,1610,7,0,1,4
1194,120.0,1615,7,0,1,4
1195,120.0,1684,7,0,0,4
1196,177.0,1841,7,0,0,4
1197,150.0,1842,7,1,0,4
1201,84.0,1615,7,1,0,4
1202,84.0,1613,7,1,1,4
1203,103.0,1730,7,1,1,4
1204,120.0,1670,7,1,1,4
1205,120.0,1717,7,1,0,4
1206,177.0,1838,7,1,0,4
1207,100.0,1845,7,7,1,5
1208,120.0,1845,7,7,1,5
1209,120.0,1975,7,7,0,5
1220,84.0,1165,7,0,1,3
1221,84.0,1165,7,0,1,3
1222,84.0,1165,7,0,1,3
1223,84.0,1165,7,0,1,3
1224,68.0,1165,7,0,0,3
1225,68.0,1165,7,0,0,3
1226,68.0,1160,7,0,1,3
1227,68.0,1160,7,0,1,3
1228,68.0,1160,7,0,1,3
1235,68.0,1165,7,2,0,3
1241,84.0,1365,7,0,1,3
1242,84.0,1375,7,0,0,3
1243,84.0,1370,7,0,1,3
1244,84.0,1375,7,0,0,3
1245,84.0,1370,7,0,1,3
1246,120.0,1395,7,0,1,3
1247,120.0,1505,7,0,0,3
1251,84.0,1495,7,0,0,4
1254,120.0,1605,7,0,1,4
1255,120.0,1605,7,0,1,4
1257,120.0,1615,7,0,0,4
1258,120.0,1615,7,0,0,4
1259,81.0,2010,7,5,1,3
1260,96.0,2025,7,5,1,3
1261,110.0,2025,7,5,1,3
1262,96.0,2135,7,5,1,3
1263,110.0,2135,7,5,1,3
1264,72.0,1976,7,5,1,3
1265,94.0,1976,7,5,1,3
1266,120.0,1984,7,5,1,3
1267,120.0,1980,7,5,0,3
1268,72.0,1986,7,5,1,3
1269,94.0,1986,7,5,1,3
1270,120.0,2017,7,5,1,3
1271,120.0,1997,7,5,0,3
1272,72.0,2001,7,5,1,3
1273,94.0,2001,7,5,1,3
1274,120.0,2032,7,5,1,3
1275,120.0,2070,7,5,1,3
1276,72.0,2070,7,5,1,3
1277,94.0,2070,7,5,1,3
1278,120.0,2075,7,5,1,3
1279,55.0,1260,7,3,1,1
1280,55.0,1275,7,3,1,1
1281,55.0,1275,7,3,1,1
1286,55.0,1280,8,3,1,1
1287,66.0,1280,8,3,1,1
1296,66.0,1363,8,9,1,1
1297,79.0,1280,8,9,1,1
1298,81.0,1369,8,9,1,1
1299,66.0,1265,8,9,1,1
1302,79.0,1280,8,8,1,3
1305,79.0,1337,8,8,1,3
1306,66.0,1280,8,8,1,3
1307,66.0,1313,8,8,1,3
1308,55.0,1134,8,1,1,1
1311,66.0,1134,8,1,1,1
1312,55.0,1108,8,0,1,1
1316,66.0,1108,8,0,1,1
1317,66.0,1158,8,0,1,1
1326,84.0,1591,9,3,1,1
1327,84.0,1501,9,3,1,1
1328,55.0,1485,9,3,1,1
1329,68.0,1575,9,3,1,1
1330,68.0,1575,9,3,1,1
1332,68.0,1485,9,3,1,1
1333,68.0,1485,9,3,1,1
1334,55.0,1280,9,3,1,1
1336,96.0,2515,9,5,1,3
1337,96.0,2515,9,5,1,3
1338,96.0,2615,9,5,1,3
1339,96.0,2275,9,5,1,3
1340,109.0,2515,9,5,1,3
1341,109.0,2615,9,5,1,3
1342,109.0,2275,9,5,1,3
1343,96.0,2680,9,5,1,3
1344,109.0,2680,9,5,1,3
1345,94.0,2111,9,5,1,3
1346,94.0,2121,9,5,1,3
1347,94.0,2136,9,5,1,3
1348,96.0,2275,9,5,1,3
1349,110.0,2515,9,5,1,3
1363,94.0,2063,9,5,1,3
1365,94.0,2070,9,5,1,3
1421,55.0,1055,11,0,1,0
1438,70.0,1055,11,0,1,0
1459,55.0,1095,11,0,1,0
1472,70.0,1095,11,0,1,0
1480,62.0,1395,11,6,1,0
1482,62.0,1385,11,6,1,0
1484,62.0,1375,11,6,1,0
1485,62.0,1390,11,6,1,0
1489,62.0,1380,11,6,1,0
1491,62.0,1370,11,6,1,0
1508,77.0,1440,11,6,1,0
1510,77.0,1450,11,6,1,0
1532,77.0,1395,11,0,1,3
1536,77.0,1395,11,0,1,3
1537,88.0,1395,11,0,1,3
1541,88.0,1395,11,0,1,3
1545,88.0,1395,11,0,1,3
1546,88.0,1395,11,0,1,3
1547,121.0,1435,11,0,1,3
1553,121.0,1435,11,0,1,3
1555,120.0,1435,11,0,1,3
1564,77.0,1485,11,3,1,1
1565,77.0,1505,11,3,1,1
1568,77.0,1505,11,3,1,1
1569,77.0,1575,11,3,1,1
1570,77.0,1575,11,3,1,1
1571,99.0,1525,11,3,1,1
1572,99.0,1555,11,3,1,1
1575,99.0,1555,11,3,1,1
1576,99.0,1615,11,3,1,1
1577,99.0,1615,11,3,1,1
1628,66.0,1485,11,3,0,1
1629,66.0,1505,11,3,0,1
1630,66.0,1505,11,3,0,1
1631,66.0,1485,11,3,1,1
1632,66.0,1505,11,3,1,1
1633,66.0,1505,11,3,1,1
1636,66.0,1505,11,3,1,1
1637,66.0,1575,11,3,1,1
1638,66.0,1575,11,3,1,1
1644,66.0,1505,11,3,0,1
1645,66.0,1575,11,3,0,1
1646,66.0,1575,11,3,0,1
1647,96.0,2290,11,5,0,3
1649,96.0,2025,11,5,0,3
1651,96.0,2290,11,5,1,3
1653,96.0,2290,11,5,1,3
1659,96.0,2025,11,5,1,3
1661,96.0,2025,11,5,1,3
1666,109.0,2290,11,5,0,3
1668,109.0,2025,11,5,0,3
1670,109.0,2290,11,5,1,3
1672,109.0,2290,11,5,1,3
1676,109.0,2025,11,5,1,3
1678,109.0,2025,11,5,1,3
1682,130.0,2340,11,5,0,3
1684,130.0,2075,11,5,0,3
1686,130.0,2340,11,5,1,3
1688,130.0,2075,11,5,1,3
1690,85.0,2275,11,5,1,3
1692,85.0,2010,11,5,1,3
1696,96.0,2375,11,5,0,3
1698,96.0,2475,11,5,0,3
1699,96.0,2450,11,5,0,3
1700,96.0,2135,11,5,0,3
1702,96.0,2375,11,5,1,3
1704,96.0,2475,11,5,1,3
1706,96.0,2450,11,5,1,3
1707,96.0,2375,11,5,1,3
1712,96.0,2475,11,5,1,3
1715,96.0,2450,11,5,1,3
1716,96.0,2135,11,5,1,3
1718,96.0,2025,11,5,1,3
1722,109.0,2375,11,5,0,3
1724,109.0,2475,11,5,0,3
1725,109.0,2135,11,5,0,3
1727,109.0,2375,11,5,1,3
1729,109.0,2475,11,5,1,3
1730,109.0,2375,11,5,1,3
1734,109.0,2475,11,5,1,3
1736,109.0,2450,11,5,1,3
1737,109.0,2135,11,5,1,3
1741,109.0,2135,11,5,1,3
1747,130.0,2425,11,5,0,3
1749,130.0,2525,11,5,0,3
1750,130.0,2425,11,5,1,3
1752,130.0,2525,11,5,1,3
1754,85.0,2360,11,5,1,3
1756,85.0,2460,11,5,1,3
1757,85.0,2120,11,5,1,3
1759,96.0,2540,11,5,0,3
1760,96.0,2540,11,5,1,3
1762,96.0,2540,11,5,1,3
1765,109.0,2540,11,5,0,3
1766,109.0,2540,11,5,1,3
1767,109.0,2540,11,5,1,3
1769,85.0,2525,11,5,1,3
1786,55.0,1275,11,3,1,1
1788,55.0,1260,11,3,1,1
1789,55.0,1275,11,3,1,1
1790,70.0,1275,11,3,1,1
1792,103.0,1891,11,9,1,4
1793,125.0,1891,11,9,1,4
1794,103.0,1940,11,9,1,4
1795,125.0,1940,11,9,1,4
1796,125.0,2089,11,9,0,4
1802,55.0,1150,11,0,1,1
1908,55.0,1110,11,0,1,1
1910,55.0,1110,11,0,1,1
1912,55.0,1190,11,0,1,1
1932,55.0,1165,11,0,1,1
1934,70.0,1205,11,0,1,1
1936,62.0,1205,11,0,1,1
1958,55.0,1180,11,0,1,1
1960,70.0,1220,11,0,1,1
1962,62.0,1220,11,0,1,1
1966,120.0,1984,11,5,1,3
1968,120.0,2017,11,5,1,3
1970,120.0,2032,11,5,1,3
1972,94.0,1976,11,5,1,3
1974,94.0,1986,11,5,1,3
1976,94.0,2001,11,5,1,3
1986,99.2,1360,11,9,1,1
1988,99.2,1360,11,9,1,1
1991,99.2,1425,11,9,1,1
1992,99.2,1425,11,9,1,1
1997,70.0,1310,12,6,1,1
1998,55.0,1307,12,6,1,1
2003,85.0,1390,12,7,1,3
2004,85.0,1390,12,7,1,3
2005,70.0,1390,12,7,1,3
2006,70.0,1390,12,7,1,3
2007,120.0,1488,12,7,1,3
2008,120.0,1550,12,7,0,3
2009,85.0,1550,12,7,0,3
2010,103.0,1488,12,7,1,3
2011,103.0,1550,12,7,0,3
2026,70.0,1108,12,0,1,1
2027,70.0,1117,12,0,1,1
2028,70.0,1108,12,0,1,1
2030,70.0,1117,12,0,1,1
2031,55.0,1108,12,0,1,1
2032,55.0,1118,12,0,1,1
2045,77.0,1350,12,0,1,3
2046,77.0,1374,12,1,1,3
2047,77.0,1357,12,0,1,3
2048,77.0,1350,12,0,1,3
2049,77.0,1374,12,1,1,3
2050,77.0,1357,12,0,1,3
2056,85.0,1344,12,0,1,3
2057,85.0,1367,12,1,1,3
2058,85.0,1350,12,0,1,3
2059,70.0,1338,12,0,1,3
2060,70.0,1362,12,1,1,3
2061,70.0,1345,12,0,1,3
2062,120.0,1421,12,0,1,3
2063,120.0,1461,12,0,0,3
2064,120.0,1446,12,1,1,3
2065,120.0,1485,12,1,0,3
2066,120.0,1429,12,0,1,3
2067,120.0,1468,12,0,0,3
2068,85.0,1461,12,0,0,3
2069,85.0,1485,12,1,0,3
2070,85.0,1468,12,0,0,3
2071,103.0,1421,12,0,1,3
2072,103.0,1461,12,0,0,3
2073,103.0,1446,12,1,1,3
2074,103.0,1485,12,1,0,3
2075,103.0,1429,12,0,1,3
2076,103.0,1468,12,0,0,3
2081,147.0,1841,12,7,0,5
2082,147.0,1840,12,7,1,5
2083,85.0,1734,12,7,1,5
2085,120.0,1733,12,7,1,5
2086,120.0,1731,12,7,0,5
2087,103.0,1733,12,7,1,5
2088,103.0,1731,12,7,0,5
2097,85.0,1504,12,7,1,3
2099,85.0,1504,12,7,1,3
2101,70.0,1504,12,7,1,3
2103,70.0,1504,12,7,1,3
2105,120.0,1575,12,7,1,3
2106,120.0,1634,12,7,0,3
2109,85.0,1634,12,7,0,3
2111,103.0,1575,12,7,1,3
2112,103.0,1634,12,7,0,3
2116,55.0,1055,12,0,1,1
2119,120.0,1692,12,9,1,3
2120,120.0,1707,12,9,0,3
2121,103.0,1605,12,9,1,3
2122,103.0,1692,12,9,1,3
2123,103.0,1707,12,9,0,3
2127,147.0,1605,12,0,0,4
2129,147.0,1615,12,1,0,4
2130,85.0,1496,12,0,1,4
2132,85.0,1505,12,1,1,4
2133,85.0,1496,12,0,1,4
2135,85.0,1505,12,1,1,4
2139,120.0,1573,12,0,0,4
2141,120.0,1592,12,1,0,4
2142,120.0,1504,12,0,1,4
2144,120.0,1575,12,1,1,4
2145,103.0,1573,12,0,0,4
2147,103.0,1592,12,1,0,4
2148,103.0,1504,12,0,1,4
2150,103.0,1575,12,1,1,4
2152,147.0,1733,12,7,0,5
2153,147.0,1734,12,7,1,5
2154,85.0,1703,12,7,1,5
2157,120.0,1690,12,7,1,5
2158,120.0,1689,12,7,0,5
2159,103.0,1690,12,7,1,5
2160,103.0,1689,12,7,0,5
2161,114.0,2136,12,3,1,1
2162,114.0,2160,12,3,1,1
2163,92.0,2136,12,3,1,1
2164,92.0,2160,12,3,1,1
2165,114.0,1975,12,5,1,3
2167,114.0,2057,12,5,1,3
2168,114.0,2083,12,5,1,3
2169,92.0,1975,12,5,1,3
2171,92.0,2057,12,5,1,3
2172,92.0,2083,12,5,1,3
2173,74.0,1975,12,5,1,3
2175,74.0,2057,12,5,1,3
2176,92.0,2015,12,5,1,3
2177,92.0,2015,12,5,1,3
2179,92.0,2015,12,5,1,3
2180,103.0,2015,12,5,1,3
2181,103.0,2015,12,5,1,3
2183,103.0,2015,12,5,1,3
2184,92.0,2067,12,5,1,3
2185,92.0,2067,12,5,1,3
2188,92.0,2108,12,5,1,3
2189,92.0,2108,12,5,1,3
2190,92.0,2093,12,5,1,3
2191,92.0,2093,12,5,1,3
2194,92.0,2134,12,5,1,3
2195,92.0,2134,12,5,1,3
2197,92.0,2067,12,5,1,3
2200,92.0,2108,12,5,1,3
2201,92.0,2108,12,5,1,3
2202,92.0,2093,12,5,1,3
2203,92.0,2093,12,5,1,3
2206,92.0,2134,12,5,1,3
2207,92.0,2134,12,5,1,3
2208,74.0,2067,12,5,1,3
2209,74.0,2067,12,5,1,3
2212,74.0,2093,12,5,1,3
2213,74.0,2093,12,5,1,3
2217,74.0,2067,12,5,1,3
2220,74.0,2093,12,5,1,3
2221,74.0,2093,12,5,1,3
2224,103.0,2108,12,5,1,3
2225,103.0,2108,12,5,1,3
2226,103.0,2134,12,5,1,3
2227,103.0,2134,12,5,1,3
2228,103.0,2108,12,5,1,3
2229,103.0,2108,12,5,1,3
2230,103.0,2134,12,5,1,3
2231,103.0,2134,12,5,1,3
2232,92.0,2016,12,5,1,3
2233,92.0,2016,12,5,1,3
2234,92.0,2016,12,5,1,3
2235,92.0,2057,12,5,1,3
2236,92.0,2057,12,5,1,3
2237,92.0,2057,12,5,1,3
2238,92.0,2043,12,5,1,3
2239,92.0,2043,12,5,1,3
2240,92.0,2043,12,5,1,3
2241,92.0,2083,12,5,1,3
2242,92.0,2083,12,5,1,3
2244,92.0,2016,12,5,1,3
2245,92.0,2016,12,5,1,3
2247,92.0,2057,12,5,1,3
2248,92.0,2057,12,5,1,3
2250,92.0,2043,12,5,1,3
2251,92.0,2043,12,5,1,3
2252,92.0,2083,12,5,1,3
2253,92.0,2083,12,5,1,3
2254,74.0,2016,12,5,1,3
2255,74.0,2016,12,5,1,3
2256,74.0,2016,12,5,1,3
2257,74.0,2043,12,5,1,3
2258,74.0,2043,12,5,1,3
2259,74.0,2043,12,5,1,3
2261,74.0,2016,12,5,1,3
2262,74.0,2016,12,5,1,3
2264,74.0,2043,12,5,1,3
2265,74.0,2043,12,5,1,3
2266,103.0,2057,12,5,1,3
2267,103.0,2057,12,5,1,3
2268,103.0,2057,12,5,1,3
2269,103.0,2083,12,5,1,3
2270,103.0,2083,12,5,1,3
2272,103.0,2057,12,5,1,3
2273,103.0,2057,12,5,1,3
2274,92.0,2110,12,5,1,3
2275,92.0,2110,12,5,1,3
2276,92.0,2138,12,5,1,3
2277,92.0,2138,12,5,1,3
2278,92.0,2110,12,5,1,3
2279,92.0,2110,12,5,1,3
2280,92.0,2138,12,5,1,3
2281,92.0,2138,12,5,1,3
2282,103.0,2110,12,5,1,3
2283,103.0,2110,12,5,1,3
2284,103.0,2138,12,5,1,3
2285,103.0,2138,12,5,1,3
2286,103.0,2110,12,5,1,3
2287,103.0,2110,12,5,1,3
2288,103.0,2138,12,5,1,3
2289,103.0,2138,12,5,1,3
2291,110.0,1612,13,0,1,4
2292,110.0,1685,13,0,0,4
2293,132.0,1645,13,0,1,4
2295,110.0,1612,13,0,1,4
2296,110.0,1685,13,0,0,4
2299,110.0,1668,13,1,1,4
2300,110.0,1743,13,1,0,4
2301,132.0,1699,13,1,1,4
2302,132.0,1699,13,1,1,4
2304,110.0,1743,13,1,0,4
2313,110.0,1438,13,0,1,3
2314,110.0,1438,13,0,1,3
2319,110.0,1722,13,9,1,4
2320,110.0,1782,13,9,0,4
2321,110.0,1723,13,9,1,4
2322,110.0,1723,13,9,1,4
2323,110.0,1782,13,9,0,4
2324,110.0,1782,13,9,0,4
2346,55.0,1155,14,0,1,1
2347,55.0,1155,14,0,1,1
2348,66.0,1190,14,0,1,1
2350,94.0,1365,14,0,1,3
2351,81.0,1365,14,0,1,3
2353,66.0,1355,14,0,1,3
2354,94.0,1385,14,0,0,3
2356,81.0,1365,14,0,1,3
2357,81.0,1365,14,0,1,3
2360,94.0,1423,14,1,0,3
2361,94.0,1401,14,1,1,3
2362,81.0,1401,14,1,1,3
2363,81.0,1401,14,1,1,3
2364,100.0,1576,14,0,0,4
2365,100.0,1557,14,0,1,4
2366,85.0,1548,14,0,1,4
2367,85.0,1548,14,0,1,4
2369,100.0,1589,14,1,0,4
2370,100.0,1570,14,1,1,4
2371,85.0,1560,14,1,1,4
2372,85.0,1560,14,1,1,4
2374,66.0,1345,14,6,1,1
2375,57.0,1345,14,6,1,1
2376,85.0,1356,14,6,1,1
2377,85.0,1356,14,6,1,1
2380,135.0,1676,14,9,0,4
2381,100.0,1600,14,9,1,4
2382,85.0,1490,14,9,1,4
2384,85.0,1490,14,9,1,4
2385,145.0,1777,14,9,1,4
2386,145.0,1882,14,9,0,4
2387,145.0,1843,14,9,1,4
2388,145.0,1843,14,9,1,4
2389,145.0,1915,14,9,0,4
2393,175.0,1955,15,9,0,5
2399,175.0,2075,15,9,0,5
2402,175.0,2175,15,9,0,5
2416,175.0,1845,15,0,0,2
2417,175.0,1935,15,0,0,2
2427,202.0,1839,16,0,0,5
2428,177.0,1839,16,0,0,5
2429,120.0,1804,16,0,0,5
2430,147.0,1804,16,0,0,5
2431,120.0,1804,16,0,0,5
2432,147.0,1804,16,0,0,5
2436,120.0,1844,16,1,0,5
2437,147.0,1844,16,1,0,5
2438,120.0,1844,16,1,0,5
2439,147.0,1844,16,1,0,5
2440,202.0,1940,16,1,0,5
2441,177.0,1940,16,1,0,5
2447,202.0,1893,16,0,0,2
2448,202.0,1843,16,0,0,2
2464,155.0,2575,17,9,0,5
2467,188.0,2575,17,9,0,5
2470,110.0,1835,17,9,1,4
2471,110.0,1845,17,9,0,4
2472,110.0,1765,17,9,1,4
2473,140.0,1845,17,9,0,4
2483,190.0,2227,17,9,0,2
2484,190.0,2366,17,9,0,2
2487,250.0,2426,17,9,0,2
2488,250.0,2522,17,9,0,2
2491,110.0,1705,17,9,1,2
2493,110.0,1720,17,9,0,2
2495,110.0,1615,17,9,1,2
2497,140.0,1705,17,9,1,2
2499,140.0,1720,17,9,0,2
2503,110.0,1735,17,9,1,2
2504,110.0,1750,17,9,0,2
2505,110.0,1645,17,9,1,2
2506,140.0,1735,17,9,1,2
2507,140.0,1750,17,9,0,2
2513,190.0,2183,17,9,0,2
2514,190.0,2249,17,9,0,2
2515,215.0,2183,17,9,0,2
2516,215.0,2249,17,9,0,2
2517,120.0,1680,18,9,1,4
2519,100.0,1680,18,9,1,4
2524,100.0,1634,18,9,1,4
2526,100.0,1609,18,9,1,4
2531,177.0,2347,18,9,0,5
2532,140.0,2347,18,9,0,5
2539,184.0,2403,18,9,0,5
2549,147.0,1945,18,9,1,4
2551,147.0,1945,18,9,1,4
2555,147.0,1933,18,9,0,4
2557,147.0,1933,18,9,0,4
2572,147.0,2128,18,9,1,4
2573,147.0,2128,18,9,1,4
2577,147.0,2073,18,9,0,4
2578,147.0,2073,18,9,0,4
2591,85.0,1557,19,7,1,3
2592,100.0,1587,19,7,0,3
2593,100.0,1567,19,7,1,3
2594,100.0,1567,19,7,1,3
2597,85.0,1581,19,7,1,3
2598,100.0,1600,19,7,0,3
2599,100.0,1591,19,7,1,3
2600,100.0,1591,19,7,1,3
2603,94.0,1375,19,0,1,3
2605,66.0,1365,19,0,1,3
2606,94.0,1385,19,0,0,3
2608,94.0,1375,19,0,1,3
2609,81.0,1375,19,0,1,3
2615,66.0,1411,19,1,1,3
2616,94.0,1441,19,1,0,3
2617,94.0,1420,19,1,1,3
2618,81.0,1441,19,1,0,3
2619,81.0,1420,19,1,1,3
2623,100.0,1581,19,0,0,4
2624,100.0,1559,19,0,1,4
2632,55.0,1189,19,0,1,3
2633,55.0,1191,19,0,1,3
2634,55.0,1155,19,0,1,3
2636,66.0,1238,19,0,1,3
2637,66.0,1239,19,0,1,3
2638,66.0,1238,19,0,1,3
2639,66.0,1239,19,0,1,3
2645,145.0,1795,19,9,1,5
2646,145.0,1862,19,9,1,5
2647,145.0,1919,19,9,0,5
2648,145.0,1891,19,9,1,5
2649,94.0,1360,19,6,0,1
2650,94.0,1345,19,6,1,1
2653,135.0,1676,19,9,0,4
2654,100.0,1676,19,9,0,4
2655,100.0,1676,19,9,0,4
2656,100.0,1600,19,9,1,4
2657,100.0,1600,19,9,1,4
2658,85.0,1490,19,9,1,4
2659,85.0,1490,19,9,1,4
2660,85.0,1490,19,9,1,4
2661,85.0,1490,19,9,1,4
2663,66.0,1345,19,6,1,1
2664,85.0,1356,19,6,1,1
2732,88.0,1485,22,0,1,3
2733,88.0,1485,22,0,1,3
2735,139.5,1505,22,0,1,3
2736,85.0,1485,22,0,1,3
2738,121.0,1505,22,0,1,3
2744,70.0,1280,22,6,1,1
2745,70.0,1275,22,6,1,1
2749,176.0,2038,22,0,0,2
2750,176.0,2038,22,0,0,2
2751,140.0,2038,22,0,0,2
2752,130.9,2242,22,7,0,5
2753,120.0,2242,22,7,0,5
2758,70.0,1125,22,0,1,1
2828,130.0,1615,23,0,1,5
2834,110.0,1615,23,0,1,5
2991,70.0,1100,27,0,1,1
2995,136.0,1465,27,0,1,3
2998,85.0,1330,27,0,1,1
3002,85.0,1490,27,7,1,3
3035,110.0,1480,27,0,1,4
3043,110.0,1495,27,0,0,4
3051,129.0,1480,27,0,1,4
3059,129.0,1495,27,0,0,4
3067,110.0,1495,27,1,1,4
3075,110.0,1505,27,1,0,4
3083,129.0,1495,27,1,1,4
3091,129.0,1505,27,1,0,4
3099,132.0,1555,27,0,1,4
3100,95.0,1550,27,0,1,4
3103,132.0,1575,27,1,1,4
3104,95.0,1565,27,1,1,4
3113,110.0,1495,27,9,1,3
3121,110.0,1505,27,9,0,3
3145,110.0,1555,27,9,1,3
3153,110.0,1570,27,9,0,3
3161,129.0,1555,27,9,1,3
3169,129.0,1570,27,9,0,3
3354,80.0,1475,29,0,0,3
3356,80.0,1475,29,0,0,3
3357,80.0,1475,29,0,0,3
3359,80.0,1475,29,0,0,3
3380,80.0,1395,29,0,1,3
3383,80.0,1395,29,0,1,3
3384,80.0,1395,29,0,1,3
3386,80.0,1395,29,0,1,3
3414,80.0,1385,29,0,1,3
3490,100.0,1475,29,0,0,3
3493,100.0,1475,29,0,0,3
3496,100.0,1475,29,0,0,3
3508,100.0,1445,29,0,1,3
3511,100.0,1445,29,0,1,3
3514,100.0,1445,29,0,1,3
3551,125.0,1485,29,0,0,3
3552,125.0,1485,29,0,0,3
3553,125.0,1485,29,0,0,3
3585,80.0,1505,29,8,0,3
3586,80.0,1505,29,8,0,3
3587,80.0,1505,29,8,0,3
3590,80.0,1505,29,8,0,3
3591,80.0,1505,29,8,0,3
3593,80.0,1505,29,8,0,3
3595,80.0,1505,29,8,0,3
3598,80.0,1505,29,8,0,3
3599,80.0,1505,29,8,0,3
3600,80.0,1505,29,8,0,3
3651,80.0,1475,29,8,1,3
3655,80.0,1475,29,8,1,3
3659,80.0,1475,29,8,1,3
3663,80.0,1475,29,8,1,3
3709,80.0,1435,29,8,1,3
3710,80.0,1435,29,8,1,3
3712,80.0,1435,29,8,1,3
3851,100.0,1505,29,8,0,3
3853,100.0,1505,29,8,0,3
3854,100.0,1505,29,8,0,3
3856,100.0,1505,29,8,0,3
3858,100.0,1505,29,8,0,3
3861,100.0,1505,29,8,0,3
3862,100.0,1505,29,8,0,3
3863,100.0,1505,29,8,0,3
3881,100.0,1475,29,8,1,3
3882,100.0,1475,29,8,1,3
3886,100.0,1475,29,8,1,3
3890,100.0,1475,29,8,1,3
3983,125.0,1505,29,8,0,3
3985,125.0,1505,29,8,0,3
3987,125.0,1505,29,8,0,3
4107,88.0,1565,29,0,1,5
4109,88.0,1565,29,0,1,5
4111,88.0,1565,29,0,1,5
4113,88.0,1565,29,0,1,5
4115,88.0,1565,29,0,1,5
4151,88.0,1590,29,0,0,5
4153,88.0,1590,29,0,0,5
4155,88.0,1590,29,0,0,5
4157,88.0,1590,29,0,0,5
4159,88.0,1590,29,0,0,5
4307,88.0,1615,29,1,1,5
4309,88.0,1615,29,1,1,5
4311,88.0,1615,29,1,1,5
4313,88.0,1615,29,1,1,5
4331,88.0,1645,29,1,0,5
4333,88.0,1645,29,1,0,5
4335,88.0,1645,29,1,0,5
4337,88.0,1645,29,1,0,5
4355,100.0,1565,29,0,1,5
4357,100.0,1565,29,0,1,5
4359,100.0,1565,29,0,1,5
4361,100.0,1565,29,0,1,5
4363,100.0,1565,29,0,1,5
4399,100.0,1590,29,0,0,5
4401,100.0,1590,29,0,0,5
4403,100.0,1590,29,0,0,5
4405,100.0,1590,29,0,0,5
4407,100.0,1590,29,0,0,5
4487,100.0,1615,29,1,1,5
4489,100.0,1615,29,1,1,5
4491,100.0,1615,29,1,1,5
4493,100.0,1615,29,1,1,5
4511,100.0,1645,29,1,0,5
4513,100.0,1645,29,1,0,5
4515,100.0,1645,29,1,0,5
4517,100.0,1645,29,1,0,5
4559,125.0,1600,29,0,1,5
4562,125.0,1600,29,0,1,5
4565,125.0,1600,29,0,1,5
4568,125.0,1600,29,0,1,5
4577,125.0,1600,29,0,1,5
4599,125.0,1610,29,0,0,5
4602,125.0,1610,29,0,0,5
4605,125.0,1610,29,0,0,5
4608,125.0,1610,29,0,0,5
4617,125.0,1610,29,0,0,5
4639,125.0,1675,29,0,0,5
4640,125.0,1675,29,0,0,5
4641,125.0,1675,29,0,0,5
4642,125.0,1675,29,0,0,5
4651,125.0,1615,29,4,1,5
4654,125.0,1615,29,4,1,5
4657,125.0,1615,29,4,1,5
4681,125.0,1630,29,4,0,5
4684,125.0,1630,29,4,0,5
4687,125.0,1630,29,4,0,5
4711,125.0,1655,29,1,1,5
4714,125.0,1655,29,1,1,5
4717,125.0,1655,29,1,1,5
4720,125.0,1655,29,1,1,5
4729,125.0,1655,29,1,1,5
4751,125.0,1665,29,1,0,5
4754,125.0,1665,29,1,0,5
4757,125.0,1665,29,1,0,5
4760,125.0,1665,29,1,0,5
4787,125.0,1735,29,0,0,5
4788,125.0,1735,29,0,0,5
4789,125.0,1735,29,0,0,5
4790,125.0,1735,29,0,0,5
4799,150.0,1615,29,0,1,5
4802,150.0,1615,29,0,1,5
4805,150.0,1615,29,0,1,5
4808,150.0,1615,29,0,1,5
4835,150.0,1615,29,0,0,5
4838,150.0,1615,29,0,0,5
4841,150.0,1615,29,0,0,5
4844,150.0,1615,29,0,0,5
4871,150.0,1675,29,0,0,5
4874,150.0,1675,29,0,0,5
4877,150.0,1675,29,0,0,5
4880,150.0,1675,29,0,0,5
4931,150.0,1655,29,4,1,5
4934,150.0,1655,29,4,1,5
4937,150.0,1655,29,4,1,5
4967,150.0,1660,29,4,0,5
4971,150.0,1660,29,4,0,5
4975,150.0,1660,29,4,0,5
5027,150.0,1675,29,1,1,5
5030,150.0,1675,29,1,1,5
5033,150.0,1675,29,1,1,5
5036,150.0,1675,29,1,1,5
5063,150.0,1675,29,1,0,5
5066,150.0,1675,29,1,0,5
5069,150.0,1675,29,1,0,5
5072,150.0,1675,29,1,0,5
5099,150.0,1735,29,1,0,5
5102,150.0,1735,29,1,0,5
5105,150.0,1735,29,1,0,5
5108,150.0,1735,29,1,0,5
5159,170.0,1735,29,0,0,5
5161,170.0,1735,29,0,0,5
5175,195.0,1705,29,0,0,5
5177,195.0,1705,29,0,0,5
5239,170.0,1795,29,0,0,5
5240,170.0,1795,29,0,0,5
5247,195.0,1760,29,1,0,5
5249,195.0,1760,29,1,0,5
5303,55.0,1395,29,3,1,1
5304,55.0,1395,29,3,1,1
5305,66.0,1395,29,3,1,1
5306,55.0,1395,29,3,1,1
5307,55.0,1395,29,3,1,1
5309,66.0,1395,29,3,1,1
5312,66.0,1395,29,3,1,1
5314,66.0,1395,29,3,1,1
5433,125.0,1525,29,0,0,2
5435,125.0,1525,29,0,0,2
5437,125.0,1525,29,0,0,2
5463,120.0,1525,29,0,0,2
5476,150.0,1785,29,0,0,2
5479,150.0,1785,29,0,0,2
5482,150.0,1785,29,0,0,2
5494,195.0,1910,29,1,0,2
5495,195.0,1910,29,1,0,2
5496,195.0,1910,29,1,0,2
5504,195.0,1970,29,1,0,2
5506,195.0,1970,29,1,0,2
5508,195.0,1970,29,1,0,2
5544,195.0,1815,29,4,0,2
5546,195.0,1815,29,4,0,2
5556,195.0,1875,29,4,0,2
5559,195.0,1875,29,4,0,2
5562,195.0,1875,29,4,0,2
5574,185.0,1845,29,4,0,2
5575,185.0,1845,29,4,0,2
5576,185.0,1845,29,4,0,2
5580,185.0,1935,29,4,0,2
5581,185.0,1935,29,4,0,2
5582,185.0,1935,29,4,0,2
5786,100.0,1720,29,0,1,2
5788,100.0,1720,29,0,1,2
5790,100.0,1720,29,0,1,2
5850,100.0,1735,29,0,1,2
5851,100.0,1735,29,0,1,2
5852,100.0,1735,29,0,1,2
5898,100.0,1735,29,0,0,2
5900,100.0,1735,29,0,0,2
5902,100.0,1735,29,0,0,2
5962,100.0,1735,29,0,0,2
5963,100.0,1735,29,0,0,2
5964,100.0,1735,29,0,0,2
6166,100.0,1825,29,1,1,2
6168,100.0,1825,29,1,1,2
6170,100.0,1825,29,1,1,2
6194,100.0,1845,29,1,1,2
6195,100.0,1845,29,1,1,2
6196,100.0,1845,29,1,1,2
6208,100.0,1845,29,1,0,2
6210,100.0,1845,29,1,0,2
6212,100.0,1845,29,1,0,2
6236,100.0,1845,29,1,0,2
6237,100.0,1845,29,1,0,2
6238,100.0,1845,29,1,0,2
6314,125.0,1670,29,4,1,2
6315,125.0,1670,29,4,1,2
6316,125.0,1670,29,4,1,2
6326,125.0,1680,29,4,0,2
6327,125.0,1680,29,4,0,2
6328,125.0,1680,29,4,0,2
6338,125.0,1795,29,2,1,2
6339,125.0,1795,29,2,1,2
6341,125.0,1795,29,2,1,2
6348,125.0,1805,29,2,0,2
6349,125.0,1805,29,2,0,2
6351,125.0,1805,29,2,0,2
6358,125.0,1735,29,0,1,2
6361,125.0,1735,29,0,1,2
6364,125.0,1735,29,0,1,2
6385,125.0,1735,29,0,1,2
6470,125.0,1735,29,0,1,2
6471,125.0,1735,29,0,1,2
6498,125.0,1735,29,0,0,2
6501,125.0,1735,29,0,0,2
6504,125.0,1735,29,0,0,2
6606,125.0,1735,29,0,0,2
6607,125.0,1735,29,0,0,2
6608,125.0,1735,29,0,0,2
6634,125.0,1845,29,1,1,2
6638,125.0,1845,29,1,1,2
6642,125.0,1845,29,1,1,2
6690,125.0,1845,29,1,1,2
6691,125.0,1845,29,1,1,2
6692,125.0,1845,29,1,1,2
6704,125.0,1845,29,1,0,2
6708,125.0,1845,29,1,0,2
6712,125.0,1845,29,1,0,2
6760,125.0,1845,29,1,0,2
6761,125.0,1845,29,1,0,2
6786,150.0,1700,29,4,1,2
6787,150.0,1700,29,4,1,2
6788,150.0,1700,29,4,1,2
6798,150.0,1735,29,4,1,2
6799,150.0,1735,29,4,1,2
6800,150.0,1735,29,4,1,2
6810,150.0,1700,29,4,0,2
6811,150.0,1700,29,4,0,2
6812,150.0,1700,29,4,0,2
6822,150.0,1735,29,4,0,2
6823,150.0,1735,29,4,0,2
6824,150.0,1735,29,4,0,2
6860,150.0,1825,29,2,1,2
6861,150.0,1825,29,2,1,2
6863,150.0,1825,29,2,1,2
6870,150.0,1845,29,2,1,2
6871,150.0,1845,29,2,1,2
6872,150.0,1845,29,2,1,2
6884,150.0,1825,29,2,0,2
6885,150.0,1825,29,2,0,2
6887,150.0,1825,29,2,0,2
6894,150.0,1845,29,2,0,2
6895,150.0,1845,29,2,0,2
6896,150.0,1845,29,2,0,2
6938,150.0,1735,29,0,1,2
6941,150.0,1735,29,0,1,2
6944,150.0,1735,29,0,1,2
6998,150.0,1765,29,0,1,2
6999,150.0,1765,29,0,1,2
7000,150.0,1765,29,0,1,2
7018,150.0,1735,29,0,0,2
7021,150.0,1735,29,0,0,2
7024,150.0,1735,29,0,0,2
7078,150.0,1775,29,0,0,2
7079,150.0,1775,29,0,0,2
7080,150.0,1775,29,0,0,2
7098,150.0,1840,29,0,0,2
7101,150.0,1840,29,0,0,2
7134,150.0,1845,29,0,0,2
7135,150.0,1845,29,0,0,2
7192,150.0,1845,29,1,1,2
7196,150.0,1845,29,1,1,2
7200,150.0,1845,29,1,1,2
7248,150.0,1885,29,1,1,2
7249,150.0,1885,29,1,1,2
7250,150.0,1885,29,1,1,2
7262,150.0,1845,29,1,0,2
7266,150.0,1845,29,1,0,2
7270,150.0,1845,29,1,0,2
7318,150.0,1885,29,1,0,2
7319,150.0,1885,29,1,0,2
7320,150.0,1885,29,1,0,2
7332,150.0,1940,29,1,0,2
7336,150.0,1940,29,1,0,2
7372,150.0,1955,29,1,0,2
7373,150.0,1955,29,1,0,2
7530,170.0,1835,29,0,0,2
7531,170.0,1835,29,0,0,2
7597,170.0,1885,29,0,0,2
7598,170.0,1885,29,0,0,2
7599,170.0,1885,29,0,0,2
7629,170.0,1935,29,1,0,2
7630,170.0,1935,29,1,0,2
7687,170.0,1955,29,1,0,2
7688,170.0,1955,29,1,0,2
7689,170.0,1955,29,1,0,2
7690,170.0,1955,29,1,0,2
7699,185.0,1805,29,0,0,2
7700,185.0,1805,29,0,0,2
7701,185.0,1805,29,0,0,2
7739,185.0,1935,29,0,0,2
7740,185.0,1935,29,0,0,2
7741,185.0,1935,29,0,0,2
7777,195.0,1900,29,0,0,2
7778,195.0,1900,29,0,0,2
7785,195.0,1845,29,0,0,2
7786,195.0,1845,29,0,0,2
7809,155.0,1845,29,0,0,2
7810,155.0,1845,29,0,0,2
7813,155.0,1845,29,0,0,2
7849,185.0,1885,29,0,0,2
7850,185.0,1885,29,0,0,2
7851,185.0,1885,29,0,0,2
7873,185.0,1955,29,0,0,2
7874,185.0,1955,29,0,0,2
8033,195.0,2010,29,0,0,2
8034,195.0,2010,29,0,0,2
8043,195.0,1955,29,1,0,2
8044,195.0,1955,29,1,0,2
8063,155.0,1955,29,1,0,2
8069,155.0,1955,29,1,0,2
8071,155.0,1955,29,1,0,2
8085,185.0,1955,29,1,0,2
8086,185.0,1955,29,1,0,2
8087,185.0,1955,29,1,0,2
8099,185.0,2035,29,1,0,2
8100,185.0,2035,29,1,0,2
8433,155.0,2370,29,9,0,2
8435,155.0,2350,29,9,0,2
8436,155.0,2580,29,9,0,2
8437,155.0,2570,29,9,0,2
8459,190.0,2455,29,9,0,2
8461,190.0,2455,29,9,0,2
8463,190.0,2455,29,9,0,2
8489,125.0,1925,29,9,0,2
8491,125.0,1925,29,9,0,2
8493,125.0,1925,29,9,0,2
8495,125.0,1925,29,9,0,2
8497,125.0,1925,29,9,0,2
8509,105.0,1825,29,9,1,2
8510,105.0,1825,29,9,1,2
8512,105.0,1825,29,9,1,2
8513,105.0,1825,29,9,1,2
8519,105.0,1845,29,9,0,2
8520,105.0,1845,29,9,0,2
8521,105.0,1845,29,9,0,2
8522,105.0,1845,29,9,0,2
8527,125.0,1825,29,9,1,2
8528,125.0,1825,29,9,1,2
8530,125.0,1825,29,9,1,2
8531,125.0,1825,29,9,1,2
8533,125.0,1825,29,9,1,2
8536,125.0,1825,29,9,1,2
8537,125.0,1825,29,9,1,2
8539,125.0,1825,29,9,1,2
8551,125.0,1845,29,9,0,2
8552,125.0,1845,29,9,0,2
8553,125.0,1845,29,9,0,2
8554,125.0,1845,29,9,0,2
8571,125.0,1880,29,9,0,2
8572,125.0,1880,29,9,0,2
8573,125.0,1880,29,9,0,2
8574,125.0,1880,29,9,0,2
8591,105.0,1825,29,9,1,2
8593,105.0,1825,29,9,1,2
8595,105.0,1825,29,9,1,2
8597,105.0,1825,29,9,1,2
8617,150.0,1925,29,9,0,2
8619,150.0,1925,29,9,0,2
8621,150.0,1925,29,9,0,2
8623,150.0,1925,29,9,0,2
8625,150.0,1925,29,9,0,2
8645,195.0,1925,29,9,0,2
8647,195.0,1925,29,9,0,2
8649,195.0,1925,29,9,0,2
8651,195.0,1925,29,9,0,2
8653,195.0,1925,29,9,0,2
8689,150.0,2160,29,9,0,2
8693,150.0,2160,29,9,0,2
8697,150.0,2160,29,9,0,2
8769,150.0,2150,29,9,0,2
8773,150.0,2150,29,9,0,2
8777,150.0,2150,29,9,0,2
8834,190.0,2175,29,9,0,2
8837,190.0,2175,29,9,0,2
8840,190.0,2175,29,9,0,2
8958,140.0,2185,29,1,0,2
8959,140.0,2185,29,1,0,2
8974,140.0,2240,29,1,0,2
8976,140.0,2240,29,1,0,2
9016,195.0,2295,29,1,0,2
9022,195.0,2310,29,1,0,2
9040,195.0,2330,29,1,0,2
9100,150.0,1970,29,0,0,2
9101,150.0,1970,29,0,0,2
9102,150.0,1970,29,0,0,2
9103,150.0,1970,29,0,0,2
9108,150.0,2045,29,0,0,2
9109,150.0,2045,29,0,0,2
9110,150.0,2045,29,0,0,2
9111,150.0,2045,29,0,0,2
9124,190.0,2065,29,0,0,2
9125,190.0,2065,29,0,0,2
9128,190.0,2005,29,0,0,2
9130,190.0,2005,29,0,0,2
9132,190.0,2005,29,0,0,2
9150,190.0,2130,29,0,0,2
9151,190.0,2130,29,0,0,2
9158,190.0,2070,29,0,0,2
9160,190.0,2070,29,0,0,2
9162,190.0,2070,29,0,0,2
9202,190.0,1955,29,0,0,2
9203,190.0,1955,29,0,0,2
9204,190.0,1955,29,0,0,2
9205,190.0,1955,29,0,0,2
9218,190.0,1975,29,0,0,2
9219,190.0,1975,29,0,0,2
9220,190.0,1975,29,0,0,2
9221,190.0,1975,29,0,0,2
9486,150.0,1570,29,2,1,5
9490,150.0,1570,29,2,1,5
9502,150.0,1590,29,2,0,5
9508,150.0,1590,29,2,0,5
9561,95.0,2065,29,5,1,3
9562,95.0,2076,29,5,1,3
9563,95.0,2186,29,5,1,3
9564,95.0,2065,29,5,1,3
9565,95.0,2076,29,5,1,3
9566,95.0,2186,29,5,1,3
9567,95.0,2065,29,5,1,3
9568,95.0,2076,29,5,1,3
9569,95.0,2186,29,5,1,3
9570,95.0,2065,29,5,0,3
9571,95.0,2076,29,5,0,3
9572,95.0,2186,29,5,0,3
9573,95.0,2065,29,5,0,3
9574,95.0,2076,29,5,0,3
9575,95.0,2186,29,5,0,3
9576,95.0,2065,29,5,0,3
9577,95.0,2076,29,5,0,3
9578,95.0,2186,29,5,0,3
9579,95.0,1983,29,5,1,3
9582,95.0,1983,29,5,1,3
9585,95.0,1983,29,5,1,3
9588,95.0,1983,29,5,0,3
9591,95.0,1983,29,5,0,3
9594,95.0,1983,29,5,0,3
9600,95.0,2356,29,5,1,3
9604,95.0,2356,29,5,1,3
9608,95.0,2356,29,5,1,3
9612,95.0,2356,29,5,0,3
9616,95.0,2356,29,5,0,3
9620,95.0,2356,29,5,0,3
9777,95.0,2586,29,5,1,3
9782,95.0,2586,29,5,1,3
9787,95.0,2586,29,5,1,3
9792,95.0,2586,29,5,0,3
9797,95.0,2586,29,5,0,3
9802,95.0,2586,29,5,0,3
9833,120.0,2065,29,5,1,3
9834,120.0,2076,29,5,1,3
9835,120.0,2186,29,5,1,3
9836,120.0,2065,29,5,1,3
9837,120.0,2076,29,5,1,3
9838,120.0,2186,29,5,1,3
9839,120.0,2065,29,5,0,3
9840,120.0,2076,29,5,0,3
9841,120.0,2186,29,5,0,3
9842,120.0,2065,29,5,0,3
9843,120.0,2076,29,5,0,3
9844,120.0,2186,29,5,0,3
9845,120.0,1983,29,5,1,3
9848,120.0,1983,29,5,1,3
9851,120.0,1983,29,5,0,3
9854,120.0,1983,29,5,0,3
9860,120.0,2356,29,5,1,3
9864,120.0,2356,29,5,1,3
9868,120.0,2356,29,5,0,3
9872,120.0,2356,29,5,0,3
9989,120.0,2586,29,5,1,3
9994,120.0,2586,29,5,1,3
9999,120.0,2586,29,5,0,3
10004,120.0,2586,29,5,0,3
10026,95.0,2029,29,5,1,3
10029,95.0,2029,29,5,1,3
10032,95.0,2029,29,5,1,3
10035,95.0,2029,29,5,0,3
10038,95.0,2029,29,5,0,3
10041,95.0,2029,29,5,0,3
10044,95.0,1976,29,5,1,3
10047,95.0,1976,29,5,1,3
10050,95.0,1976,29,5,1,3
10053,95.0,1976,29,5,0,3
10056,95.0,1976,29,5,0,3
10059,95.0,1976,29,5,0,3
10298,120.0,2029,29,5,1,3
10301,120.0,2029,29,5,1,3
10304,120.0,2029,29,5,0,3
10307,120.0,2029,29,5,0,3
10310,120.0,1976,29,5,1,3
10313,120.0,1976,29,5,1,3
10316,120.0,1976,29,5,0,3
10319,120.0,1976,29,5,0,3
10490,95.0,2586,29,5,0,3
10492,95.0,2586,29,5,0,3
10498,95.0,2402,29,5,1,3
10499,95.0,2586,29,5,1,3
10500,95.0,2586,29,5,1,3
10512,95.0,2256,29,5,1,3
10513,95.0,2356,29,5,1,3
10527,95.0,2463,29,5,1,3
10576,120.0,2586,29,5,0,3
10578,120.0,2586,29,5,0,3
10582,120.0,2586,29,5,1,3
10584,120.0,2402,29,5,1,3
10585,120.0,2586,29,5,1,3
10590,120.0,2402,29,5,1,3
10592,120.0,2586,29,5,1,3
10602,120.0,2256,29,5,1,3
10603,120.0,2356,29,5,1,3
10609,120.0,2256,29,5,1,3
10611,120.0,2356,29,5,1,3
10623,120.0,2463,29,5,1,3
10629,120.0,2463,29,5,1,3
10698,95.0,2375,29,5,1,3
10712,95.0,2220,29,5,1,3
10727,95.0,2435,29,5,1,3
10784,120.0,2375,29,5,1,3
10790,120.0,2375,29,5,1,3
10802,120.0,2220,29,5,1,3
10809,120.0,2220,29,5,1,3
10823,120.0,2435,29,5,1,3
10829,120.0,2435,29,5,1,3
10898,95.0,2184,29,5,1,3
10899,95.0,2186,29,5,1,3
10930,120.0,2184,29,5,1,3
10931,120.0,2186,29,5,1,3
10938,120.0,2184,29,5,1,3
10940,120.0,2186,29,5,1,3
11053,95.0,2124,29,5,1,3
11055,95.0,2124,29,5,1,3
11057,95.0,2124,29,5,1,3
11061,95.0,2124,29,5,0,3
11065,95.0,2124,29,5,0,3
11069,95.0,2124,29,5,0,3
11073,95.0,2270,29,5,1,3
11075,95.0,2270,29,5,1,3
11077,95.0,2270,29,5,1,3
11081,95.0,2270,29,5,0,3
11085,95.0,2270,29,5,0,3
11089,95.0,2270,29,5,0,3
11123,95.0,2331,29,5,1,3
11126,95.0,2331,29,5,1,3
11129,95.0,2331,29,5,1,3
11135,95.0,2331,29,5,0,3
11141,95.0,2331,29,5,0,3
11147,95.0,2331,29,5,0,3
11243,95.0,2586,29,5,0,3
11247,95.0,2586,29,5,0,3
11251,95.0,2586,29,5,0,3
11255,95.0,2586,29,5,1,3
11260,95.0,2586,29,5,1,3
11265,95.0,2586,29,5,1,3
11277,95.0,2586,29,5,0,3
11287,95.0,2586,29,5,0,3
11297,95.0,2586,29,5,0,3
12066,120.0,2124,29,5,1,3
12068,120.0,2124,29,5,1,3
12072,120.0,2124,29,5,0,3
12074,120.0,2124,29,5,0,3
12078,120.0,2270,29,5,1,3
12080,120.0,2270,29,5,1,3
12102,120.0,2331,29,5,1,3
12105,120.0,2331,29,5,1,3
12147,120.0,2586,29,5,0,3
12151,120.0,2586,29,5,0,3
12155,120.0,2586,29,5,1,3
12157,120.0,2586,29,5,1,3
12162,120.0,2586,29,5,1,3
12176,120.0,2586,29,5,0,3
12178,120.0,2270,29,5,0,3
12181,120.0,2586,29,5,0,3
12185,120.0,2270,29,5,0,3
12272,120.0,2331,29,5,0,3
12279,120.0,2331,29,5,0,3
12433,120.0,2586,29,5,0,3
12477,120.0,2586,29,5,0,3
12783,140.0,2586,29,5,0,3
12787,140.0,2586,29,5,0,3
12791,140.0,2586,29,5,1,3
12797,140.0,2586,29,5,0,3
12799,140.0,2586,29,5,0,3
12923,140.0,2586,29,5,0,3
12939,140.0,2586,29,5,1,3
13121,95.0,2088,29,5,1,3
13123,95.0,2088,29,5,1,3
13125,95.0,2088,29,5,1,3
13129,95.0,2088,29,5,0,3
13133,95.0,2088,29,5,0,3
13137,95.0,2088,29,5,0,3
13141,95.0,2006,29,5,1,3
13144,95.0,2006,29,5,1,3
13147,95.0,2006,29,5,1,3
13153,95.0,2006,29,5,0,3
13159,95.0,2006,29,5,0,3
13165,95.0,2006,29,5,0,3
13171,95.0,2243,29,5,1,3
13173,95.0,2243,29,5,1,3
13175,95.0,2243,29,5,1,3
13179,95.0,2243,29,5,0,3
13183,95.0,2243,29,5,0,3
13187,95.0,2243,29,5,0,3
13261,95.0,2303,29,5,1,3
13264,95.0,2303,29,5,1,3
13267,95.0,2303,29,5,1,3
13273,95.0,2303,29,5,0,3
13279,95.0,2303,29,5,0,3
13285,95.0,2303,29,5,0,3
14580,120.0,2088,29,5,1,3
14582,120.0,2088,29,5,1,3
14586,120.0,2088,29,5,0,3
14588,120.0,2088,29,5,0,3
14592,120.0,2006,29,5,1,3
14595,120.0,2006,29,5,1,3
14601,120.0,2006,29,5,0,3
14604,120.0,2006,29,5,0,3
14610,120.0,2243,29,5,1,3
14612,120.0,2243,29,5,1,3
14616,120.0,2243,29,5,0,3
14618,120.0,2243,29,5,0,3
14664,120.0,2303,29,5,1,3
14667,120.0,2303,29,5,1,3
14673,120.0,2303,29,5,0,3
14676,120.0,2303,29,5,0,3
16114,95.0,2052,29,5,1,3
16117,95.0,2052,29,5,1,3
16120,95.0,2052,29,5,1,3
16126,95.0,2052,29,5,0,3
16132,95.0,2052,29,5,0,3
16138,95.0,2052,29,5,0,3
17015,120.0,2052,29,5,1,3
17018,120.0,2052,29,5,1,3
17024,120.0,2052,29,5,0,3
17027,120.0,2052,29,5,0,3
17883,120.0,2025,29,5,0,4
17887,120.0,2076,29,5,0,4
17891,120.0,2186,29,5,0,4
17896,120.0,2025,29,5,0,4
17906,120.0,2076,29,5,0,4
17916,120.0,2186,29,5,0,4
18057,120.0,2025,29,5,1,4
18061,120.0,2076,29,5,1,4
18065,120.0,2186,29,5,1,4
18069,120.0,2025,29,5,1,4
18081,120.0,2076,29,5,1,4
18093,120.0,2186,29,5,1,4
18106,120.0,2025,29,5,1,4
18120,120.0,2076,29,5,1,4
18134,120.0,2186,29,5,1,4
18483,120.0,2050,29,5,0,4
18496,120.0,2050,29,5,0,4
18657,120.0,2050,29,5,1,4
18669,120.0,2050,29,5,1,4
18706,120.0,2050,29,5,1,4
19083,120.0,2075,29,5,0,4
19096,120.0,2075,29,5,0,4
19257,120.0,2075,29,5,1,4
19269,120.0,2075,29,5,1,4
19306,120.0,2075,29,5,1,4
19695,120.0,2356,29,5,0,4
19699,120.0,2586,29,5,0,4
19733,120.0,2356,29,5,0,4
19743,120.0,2586,29,5,0,4
19961,120.0,2356,29,5,1,4
19965,120.0,2586,29,5,1,4
20003,120.0,2356,29,5,1,4
20015,120.0,2586,29,5,1,4
20065,120.0,2356,29,5,1,4
20079,120.0,2586,29,5,1,4
22413,120.0,2105,29,5,0,4
22417,120.0,2186,29,5,0,4
22422,120.0,2105,29,5,0,4
22432,120.0,2186,29,5,0,4
22501,120.0,2130,29,5,0,4
22510,120.0,2130,29,5,0,4
22589,120.0,2155,29,5,0,4
22598,120.0,2155,29,5,0,4
22685,120.0,2356,29,5,0,4
22689,120.0,2586,29,5,0,4
22717,120.0,2356,29,5,0,4
22729,120.0,2586,29,5,0,4
23223,100.0,2025,29,5,0,4
23227,100.0,2076,29,5,0,4
23231,100.0,2186,29,5,0,4
23236,100.0,2025,29,5,0,4
23246,100.0,2076,29,5,0,4
23256,100.0,2186,29,5,0,4
23397,100.0,2025,29,5,1,4
23401,100.0,2076,29,5,1,4
23405,100.0,2186,29,5,1,4
23409,100.0,2025,29,5,1,4
23415,100.0,2076,29,5,1,4
23421,100.0,2186,29,5,1,4
23428,100.0,2025,29,5,1,4
23437,100.0,2076,29,5,1,4
23446,100.0,2186,29,5,1,4
23646,100.0,2050,29,5,0,4
23659,100.0,2050,29,5,0,4
23820,100.0,2050,29,5,1,4
23832,100.0,2050,29,5,1,4
23851,100.0,2050,29,5,1,4
24069,100.0,2075,29,5,0,4
24082,100.0,2075,29,5,0,4
24243,100.0,2075,29,5,1,4
24255,100.0,2075,29,5,1,4
24274,100.0,2075,29,5,1,4
24522,100.0,2356,29,5,0,4
24524,100.0,2356,29,5,0,4
24532,100.0,2586,29,5,0,4
24534,100.0,2586,29,5,0,4
24758,100.0,2356,29,5,1,4
24764,100.0,2586,29,5,1,4
24794,100.0,2356,29,5,1,4
24796,100.0,2356,29,5,1,4
24803,100.0,2586,29,5,1,4
24805,100.0,2586,29,5,1,4
26310,100.0,2105,29,5,0,4
26314,100.0,2186,29,5,0,4
26319,100.0,2105,29,5,0,4
26329,100.0,2186,29,5,0,4
26398,100.0,2130,29,5,0,4
26407,100.0,2130,29,5,0,4
26486,100.0,2155,29,5,0,4
26495,100.0,2155,29,5,0,4
26598,100.0,2356,29,5,0,4
26600,100.0,2356,29,5,0,4
26610,100.0,2586,29,5,0,4
26612,100.0,2586,29,5,0,4
27078,165.0,2025,29,5,0,4
27079,165.0,2025,29,5,0,4
27088,165.0,2076,29,5,0,4
27089,165.0,2076,29,5,0,4
27098,165.0,2186,29,5,0,4
27099,165.0,2186,29,5,0,4
27252,165.0,2050,29,5,0,4
27253,165.0,2050,29,5,0,4
27426,165.0,2075,29,5,0,4
27427,165.0,2075,29,5,0,4
27630,165.0,2356,29,5,0,4
27632,165.0,2356,29,5,0,4
27640,165.0,2586,29,5,0,4
27642,165.0,2586,29,5,0,4
31914,70.0,1976,29,5,1,3
31917,70.0,2076,29,5,1,3
31920,70.0,2186,29,5,1,3
31923,70.0,1976,29,5,1,3
31924,70.0,1976,29,5,1,3
31927,70.0,2076,29,5,1,3
31928,70.0,2076,29,5,1,3
31931,70.0,2186,29,5,1,3
31932,70.0,2186,29,5,1,3
32301,70.0,2356,29,5,1,3
32316,70.0,2356,29,5,1,3
32317,70.0,2356,29,5,1,3
32724,70.0,2586,29,5,1,3
32739,70.0,2586,29,5,1,3
32740,70.0,2586,29,5,1,3
32854,120.0,2186,29,5,0,3
32958,120.0,1976,29,5,1,3
32960,120.0,2076,29,5,1,3
32962,120.0,2186,29,5,1,3
32964,120.0,1976,29,5,1,3
32974,120.0,2076,29,5,1,3
32984,120.0,2186,29,5,1,3
32994,120.0,1976,29,5,1,3
33006,120.0,2076,29,5,1,3
33018,120.0,2186,29,5,1,3
34250,120.0,2356,29,5,0,3
34392,120.0,2356,29,5,1,3
34424,120.0,2356,29,5,1,3
34470,120.0,2356,29,5,1,3
36166,120.0,2586,29,5,1,3
36216,120.0,2586,29,5,1,3
36218,120.0,2586,29,5,1,3
36586,120.0,1976,29,5,0,3
36588,120.0,2076,29,5,0,3
36590,120.0,2186,29,5,0,3
36592,120.0,1985,29,5,0,3
36600,120.0,2076,29,5,0,3
36608,120.0,2186,29,5,0,3
36694,120.0,2010,29,5,0,3
36796,120.0,2035,29,5,0,3
36898,120.0,2356,29,5,0,3
36924,120.0,2356,29,5,0,3
37300,100.0,1976,29,5,0,3
37301,100.0,1976,29,5,0,3
37308,100.0,2076,29,5,0,3
37309,100.0,2076,29,5,0,3
37316,100.0,2186,29,5,0,3
37317,100.0,2186,29,5,0,3
37444,100.0,1976,29,5,1,3
37449,100.0,2076,29,5,1,3
37454,100.0,2186,29,5,1,3
37459,100.0,1976,29,5,1,3
37461,100.0,1976,29,5,1,3
37466,100.0,2076,29,5,1,3
37468,100.0,2076,29,5,1,3
37473,100.0,2186,29,5,1,3
37475,100.0,2186,29,5,1,3
38404,100.0,2356,29,5,0,3
38405,100.0,2356,29,5,0,3
38555,100.0,2356,29,5,1,3
38581,100.0,2356,29,5,1,3
38583,100.0,2356,29,5,1,3
39604,100.0,2586,29,5,0,3
39605,100.0,2586,29,5,0,3
39660,100.0,2586,29,5,1,3
39689,100.0,2586,29,5,1,3
39691,100.0,2586,29,5,1,3
39920,100.0,1985,29,5,0,3
39921,100.0,1976,29,5,0,3
39928,100.0,2076,29,5,0,3
39929,100.0,2076,29,5,0,3
39936,100.0,2186,29,5,0,3
39937,100.0,2186,29,5,0,3
40040,100.0,2010,29,5,0,3
40160,100.0,2035,29,5,0,3
40304,100.0,2356,29,5,0,3
40305,100.0,2356,29,5,0,3
40664,165.0,1976,29,5,0,3
40665,165.0,1976,29,5,0,3
40672,165.0,2076,29,5,0,3
40673,165.0,2076,29,5,0,3
40680,165.0,2186,29,5,0,3
40681,165.0,2186,29,5,0,3
41048,165.0,2356,29,5,0,3
41049,165.0,2356,29,5,0,3
41827,82.0,1300,30,2,0,1
41835,82.0,1275,30,2,1,1
41836,105.0,1325,30,2,1,1
41837,105.0,1340,30,2,0,1
41840,82.0,1290,30,1,0,1
41848,66.0,1260,30,1,1,1
41849,82.0,1260,30,1,1,1
41850,105.0,1310,30,1,1,1
41851,105.0,1330,30,1,0,1
41854,82.0,1410,30,9,0,1
41855,82.0,1480,30,9,0,1
41860,105.0,1395,30,9,1,1
41861,105.0,1420,30,9,0,1
41866,66.0,1385,30,9,1,1
41867,82.0,1385,30,9,1,1
41868,82.0,1455,30,9,1,1
41869,105.0,1470,30,9,1,1
41870,105.0,1495,30,9,0,1
41876,105.0,1250,30,4,1,1
41877,105.0,1270,30,4,0,1
41890,66.0,1165,30,0,1,1
41891,82.0,1165,30,0,1,1
41892,82.0,1195,30,0,0,1
41893,105.0,1225,30,0,1,1
41894,105.0,1245,30,0,0,1
41900,105.0,1290,30,2,0,1
41901,105.0,1275,30,2,1,1
41906,85.0,1490,31,9,1,3
41907,85.0,1490,31,9,1,3
41910,85.0,1585,31,9,1,3
41911,85.0,1580,31,9,1,3
41914,110.0,1495,31,9,1,3
41915,110.0,1490,31,9,1,3
41917,110.0,1600,31,9,1,3
41918,110.0,1585,31,9,1,3
41919,110.0,1595,31,9,0,3
41923,110.0,1570,31,9,1,4
41924,110.0,1630,31,9,1,4
41925,110.0,1665,31,9,1,4
41926,110.0,1685,31,9,0,4
41928,130.0,1780,31,9,1,4
41929,130.0,1780,31,9,1,4
41930,130.0,1720,31,9,1,4
41931,130.0,1720,31,9,1,4
41933,147.0,2180,31,9,1,5
41936,147.0,2160,31,9,0,5
41938,147.0,2385,31,9,1,5
41939,147.0,2385,31,9,0,5
41965,81.0,1320,32,9,1,1
41966,81.0,1320,32,9,1,1
41976,140.0,1950,32,9,0,5
41980,66.0,1255,32,6,1,1
41983,66.0,1413,32,3,1,3
41984,66.0,1443,32,3,1,3
41985,81.0,1432,32,3,1,3
41986,81.0,1457,32,3,1,3
41988,66.0,1403,32,3,1,3
41989,81.0,1422,32,3,1,3
41992,66.0,1453,32,3,1,3
41993,66.0,1486,32,3,1,3
41994,81.0,1476,32,3,1,3
41995,81.0,1501,32,3,1,3
41998,81.0,1466,32,3,1,3
41999,170.0,2285,32,9,0,2
42000,140.0,2185,32,9,1,2
42001,140.0,2235,32,9,0,2
42002,66.0,2039,32,5,1,3
42003,66.0,2039,32,5,1,3
42004,66.0,2052,32,5,1,3
42005,84.0,2039,32,5,1,3
42006,84.0,2039,32,5,1,3
42007,84.0,2039,32,5,0,3
42008,84.0,2052,32,5,1,3
42009,84.0,2052,32,5,0,3
42010,66.0,1987,32,5,1,3
42011,66.0,1987,32,5,1,3
42012,66.0,1976,32,5,1,3
42013,84.0,1987,32,5,1,3
42014,84.0,1987,32,5,1,3
42015,84.0,1987,32,5,0,3
42016,84.0,1976,32,5,1,3
42017,84.0,1976,32,5,0,3
42021,66.0,1982,32,5,1,3
42022,66.0,1982,32,5,1,3
42023,66.0,1982,32,5,1,3
42029,84.0,1982,32,5,1,3
42030,84.0,1982,32,5,1,3
42031,84.0,1982,32,5,0,3
42032,84.0,1982,32,5,1,3
42033,84.0,1982,32,5,0,3
42034,66.0,1976,32,5,1,3
42035,66.0,1976,32,5,1,3
42037,84.0,1976,32,5,1,3
42038,84.0,1976,32,5,1,3
42039,84.0,1976,32,5,0,3
42042,66.0,2015,32,5,1,3
42043,66.0,2016,32,5,1,3
42044,84.0,2015,32,5,1,3
42045,84.0,2015,32,5,1,3
42046,84.0,2016,32,5,1,3
42047,84.0,2016,32,5,1,3
42048,66.0,2230,32,5,1,3
42049,84.0,2230,32,5,1,3
42050,84.0,2230,32,5,0,3
42051,66.0,2009,32,5,1,3
42052,66.0,2009,32,5,1,3
42053,66.0,2027,32,5,1,3
42054,84.0,2009,32,5,1,3
42055,84.0,2009,32,5,1,3
42056,84.0,2009,32,5,0,3
42057,84.0,2027,32,5,1,3
42058,84.0,2027,32,5,0,3
42061,66.0,2043,32,5,1,3
42065,84.0,2043,32,5,1,3
42066,84.0,2043,32,5,0,3
42067,66.0,1988,32,5,1,3
42068,66.0,1988,32,5,1,3
42069,66.0,1988,32,5,1,3
42070,84.0,1988,32,5,1,3
42071,84.0,1988,32,5,1,3
42072,84.0,1988,32,5,0,3
42073,84.0,1988,32,5,1,3
42074,84.0,1988,32,5,0,3
42075,66.0,2058,32,5,1,3
42076,66.0,2058,32,5,1,3
42077,66.0,2094,32,5,1,3
42078,84.0,2058,32,5,1,3
42079,84.0,2058,32,5,1,3
42080,84.0,2058,32,5,0,3
42081,84.0,2094,32,5,1,3
42082,84.0,2094,32,5,0,3
42089,81.0,1395,32,9,1,4
42090,81.0,1505,32,9,1,4
42091,81.0,1395,32,9,1,4
42092,110.0,1595,32,9,1,4
42097,110.0,1590,32,9,0,4
42098,110.0,1655,32,9,1,4
42099,110.0,1690,32,9,0,4
42102,110.0,1495,32,9,1,4
42103,110.0,1555,32,9,1,4
42104,96.0,1480,32,9,1,4
42105,96.0,1480,32,9,1,4
42106,96.0,1579,32,9,1,4
42107,96.0,1579,32,9,1,4
42108,96.0,1540,32,9,1,4
42109,96.0,1540,32,9,1,4
42110,96.0,1640,32,9,1,4
42111,96.0,1640,32,9,1,4
42112,110.0,1680,32,9,1,4
42113,127.0,1690,32,9,1,4
42114,110.0,1720,32,9,0,4
42115,110.0,1615,32,9,1,4
42136,120.0,1911,33,9,1,4
42138,120.0,1836,33,9,1,4
42139,135.0,1911,33,9,1,4
42140,135.0,1936,33,9,0,4
42155,81.0,1550,33,0,1,3
42156,81.0,1571,33,0,1,3
42157,81.0,1571,33,0,1,3
42158,81.0,1613,33,0,1,3
42159,81.0,1613,33,0,1,3
42160,96.0,1571,33,0,1,3
42161,96.0,1571,33,0,1,3
42162,96.0,1613,33,0,1,3
42163,96.0,1613,33,0,1,3
42164,121.0,1571,33,0,0,3
42165,121.0,1613,33,0,0,3
42166,121.0,1613,33,0,0,3
42167,121.0,1664,33,0,0,3
42168,121.0,1664,33,0,0,3
42169,121.0,1571,33,0,1,3
42170,121.0,1571,33,0,1,3
42171,121.0,1613,33,0,1,3
42172,121.0,1613,33,0,1,3
42173,121.0,1664,33,0,1,3
42174,121.0,1664,33,0,1,3
42185,81.0,1571,33,1,1,3
42186,81.0,1613,33,1,1,3
42187,81.0,1613,33,1,1,3
42188,81.0,1571,33,1,1,3
42189,81.0,1613,33,1,1,3
42190,96.0,1613,33,1,1,3
42191,96.0,1613,33,1,1,3
42192,96.0,1664,33,1,1,3
42193,121.0,1664,33,1,0,3
42194,121.0,1664,33,1,0,3
42195,121.0,1701,33,1,0,3
42196,121.0,1613,33,1,1,3
42197,121.0,1613,33,1,1,3
42198,121.0,1664,33,1,1,3
42199,121.0,1664,33,1,1,3
42200,121.0,1701,33,1,1,3
42216,81.0,1550,33,0,1,3
42217,81.0,1571,33,0,1,3
42218,81.0,1571,33,0,1,3
42219,81.0,1613,33,0,1,3
42220,81.0,1613,33,0,1,3
42221,81.0,1571,33,0,1,3
42222,96.0,1571,33,0,1,3
42224,96.0,1613,33,0,1,3
42226,121.0,1613,33,0,0,3
42227,121.0,1613,33,0,0,3
42228,121.0,1664,33,0,0,3
42229,121.0,1664,33,0,0,3
42230,121.0,1571,33,0,1,3
42231,121.0,1571,33,0,1,3
42232,121.0,1613,33,0,1,3
42233,121.0,1613,33,0,1,3
42234,121.0,1664,33,0,1,3
42239,81.0,1613,33,0,1,3
42261,121.0,1664,33,0,1,3
42269,121.0,1843,33,2,0,2
42270,121.0,1901,33,2,0,2
42271,121.0,1843,33,2,1,2
42272,121.0,1843,33,2,1,2
42273,121.0,1901,33,2,1,2
42274,77.0,1505,33,3,1,1
42276,66.0,1505,33,3,1,1
42278,66.0,1505,33,3,0,1
42318,55.0,1163,33,0,1,1
42323,70.0,1235,33,0,1,1
42327,70.0,1163,33,0,1,1
42368,55.0,1235,33,0,1,1
42383,55.0,1235,33,0,1,1
42384,55.0,1235,33,0,1,1
42387,70.0,1199,33,0,1,1
42402,118.0,1613,33,0,0,4
42406,118.0,1613,33,0,1,4
42410,118.0,1733,33,0,1,4
42412,143.1,1664,33,0,0,4
42415,143.1,1664,33,0,1,4
42417,143.1,1788,33,0,0,4
42420,143.1,1733,33,0,1,4
42428,81.0,1613,33,0,1,4
42431,96.0,1613,33,0,0,4
42435,96.0,1613,33,0,1,4
42452,118.0,1788,33,0,0,4
42455,118.0,1788,33,0,1,4
42459,143.1,1701,33,0,0,4
42466,143.1,1816,33,0,0,4
42469,143.1,1788,33,0,1,4
42482,81.0,1701,33,1,1,4
42485,96.0,1733,33,1,0,4
42489,96.0,1733,33,1,1,4
42496,118.0,1733,33,1,0,4
42501,118.0,1733,33,1,1,4
42508,118.0,1843,33,1,0,4
42512,118.0,1843,33,1,1,4
42515,143.1,1733,33,1,0,4
42520,143.1,1733,33,1,1,4
42524,143.1,1843,33,1,0,4
42528,143.1,1843,33,1,1,4
42534,55.0,1393,33,6,1,1
42539,70.0,1393,33,6,1,1
42553,96.0,1503,33,6,1,1
42561,81.0,1503,33,6,1,1
42600,81.0,1503,33,6,0,1
42613,96.0,1490,33,9,1,1
42615,96.0,1429,33,9,1,1
42617,96.0,1432,33,9,0,1
42619,66.0,1987,33,5,1,4
42621,84.0,1987,33,5,1,4
42622,84.0,1987,33,5,0,4
42625,66.0,1982,33,5,1,4
42628,84.0,1982,33,5,0,4
42629,84.0,1982,33,5,1,4
42636,84.0,1975,33,5,1,4
42638,84.0,1975,33,5,0,4
42640,84.0,1988,33,5,0,4
42649,96.0,1788,33,8,1,3
42650,96.0,1816,33,8,1,3
42651,96.0,1843,33,8,1,3
42652,96.0,1788,33,8,1,3
42653,96.0,1816,33,8,1,3
42655,96.0,1843,33,8,1,3
42656,121.0,1788,33,8,0,3
42657,121.0,1788,33,8,1,3
42658,121.0,1816,33,8,0,3
42659,121.0,1816,33,8,1,3
42660,121.0,1843,33,8,0,3
42661,121.0,1843,33,8,1,3
42662,121.0,1901,33,8,0,3
42663,81.0,1733,33,8,1,3
42664,81.0,1788,33,8,1,3
42666,81.0,1816,33,8,1,3
42667,143.0,1843,33,8,1,3
42669,143.0,1901,33,8,1,3
42670,143.0,1931,33,8,1,3
42678,121.0,1901,33,8,1,3
42679,121.0,1931,33,8,0,3
42689,96.0,1901,33,8,1,3
42701,81.0,1843,33,8,1,3
42706,50.0,1165,34,9,1,1
42707,84.0,1255,34,9,1,1
42708,68.0,1235,34,9,1,1
42709,68.0,1245,34,9,0,1
42711,50.0,1246,34,0,1,1
42716,82.0,1475,34,2,1,1
42717,82.0,1475,34,2,1,1
42718,50.0,1259,34,0,1,1
42721,68.0,1275,34,1,1,1
42724,68.0,1383,34,1,1,1
42725,82.0,1393,34,1,1,1
42729,50.0,1110,34,0,1,1
42730,68.0,1142,34,0,1,1
42731,68.0,1142,34,0,1,1
42732,82.0,1150,34,0,1,1
42737,50.0,1135,34,0,0,1
42738,50.0,1125,34,0,1,1
42739,68.0,1155,34,0,1,1
42740,68.0,1165,34,0,0,1
42741,82.0,1165,34,0,1,1
42747,84.0,1496,34,9,1,3
42748,84.0,1498,34,9,0,3
42749,84.0,1496,34,9,1,3
42750,84.0,1498,34,9,0,3
42751,110.0,1604,34,9,1,3
42752,120.0,1614,34,9,0,3
42759,82.0,1610,34,2,1,3
42760,120.0,1652,34,2,1,3
42761,120.0,1700,34,2,0,3
42767,84.0,1280,34,0,1,3
42768,84.0,1280,34,0,1,3
42769,68.0,1275,34,0,1,3
42770,82.0,1280,34,0,0,3
42771,110.0,1473,34,0,1,3
42772,110.0,1473,34,0,1,3
42773,120.0,1503,34,0,0,3
42774,84.0,1462,34,1,1,3
42775,68.0,1433,34,1,1,3
42778,84.0,1563,34,1,0,3
42779,84.0,1560,34,1,1,3
42780,68.0,1505,34,1,1,3
42781,110.0,1600,34,1,1,3
42782,110.0,1570,34,9,1,3
42783,84.0,1500,34,9,1,3
42788,84.0,1547,34,8,1,3
42789,84.0,1505,34,8,1,3
42790,84.0,1505,34,8,0,3
42791,84.0,1505,34,8,1,3
42792,84.0,1505,34,8,0,3
42793,110.0,1615,34,8,1,3
42794,110.0,1615,34,8,1,3
42795,120.0,1664,34,8,0,3
42801,84.0,1577,34,8,1,3
42802,84.0,1577,34,8,1,3
42803,84.0,1595,34,8,0,3
42804,84.0,1577,34,8,1,3
42805,84.0,1595,34,8,0,3
42806,110.0,1668,34,8,1,3
42807,110.0,1668,34,8,1,3
42808,120.0,1694,34,8,0,3
42809,150.0,1615,34,0,0,4
42813,84.0,1485,34,0,0,4
42814,84.0,1480,34,0,1,4
42816,103.0,1505,34,0,1,4
42817,120.0,1555,34,0,1,4
42818,120.0,1595,34,0,0,4
42819,150.0,1735,34,1,0,4
42823,84.0,1505,34,1,0,4
42824,84.0,1500,34,1,1,4
42825,103.0,1575,34,1,1,4
42826,120.0,1575,34,1,1,4
42827,120.0,1615,34,1,0,4
42829,100.0,1845,34,7,1,5
42830,120.0,1845,34,7,1,5
42831,120.0,1975,34,7,0,5
42832,55.0,1275,34,3,1,1
42834,81.0,2010,34,3,1,1
42835,96.0,2025,34,3,1,1
42836,96.0,2025,34,3,1,1
42837,81.0,2120,34,3,1,1
42838,96.0,2135,34,3,1,1
42839,110.0,2135,34,3,1,1
42840,72.0,1976,34,3,1,1
42841,94.0,1976,34,3,1,1
42842,120.0,1984,34,3,1,1
42843,120.0,1980,34,3,0,1
42844,72.0,1986,34,3,1,1
42845,94.0,1986,34,3,1,1
42846,120.0,2017,34,3,1,1
42847,120.0,1997,34,3,0,1
42851,84.0,1476,34,3,1,1
42852,55.0,1491,34,3,1,1
42853,68.0,1435,34,3,1,1
42854,68.0,1395,34,3,1,1
42855,68.0,1505,34,3,0,1
42856,84.0,1625,34,3,1,1
42857,68.0,1576,34,3,1,1
42861,120.0,1445,34,4,1,3
42910,180.0,2155,35,9,0,2
42911,281.0,2270,35,9,0,2
42941,184.0,1955,35,0,0,2
42942,184.0,1955,35,0,0,2
42954,66.0,1245,37,9,1,1
42955,55.0,1146,37,0,1,1
42961,66.0,1146,37,0,1,1
42962,66.0,1146,37,0,1,1
42963,55.0,1194,37,1,1,1
42967,66.0,1196,37,1,1,1
42968,66.0,1196,37,1,1,1
42970,55.0,1174,37,0,1,1
42973,96.0,1976,37,7,1,5
42974,96.0,2001,37,7,1,5
42975,110.0,1976,37,7,1,5
42976,110.0,2001,37,7,1,5
42977,127.0,1976,37,7,1,5
42978,127.0,2004,37,7,0,5
42979,127.0,2001,37,7,1,5
42980,127.0,2030,37,7,0,5
42982,55.0,1394,37,3,1,1
42983,66.0,1505,37,3,1,1
42984,80.0,1505,37,3,1,1
42987,66.0,1394,37,3,1,1
42988,80.0,1394,37,3,1,1
42990,55.0,1394,37,3,1,1
42991,66.0,1394,37,3,1,1
42992,110.0,1724,37,9,1,4
42994,110.0,1730,37,9,1,4
42995,127.0,1730,37,9,1,4
42997,110.0,1784,37,9,0,4
42998,81.0,1385,37,0,1,4
42999,110.0,1493,37,0,1,4
43000,110.0,1497,37,0,1,4
43001,127.0,1575,37,0,0,4
43002,96.0,1493,37,0,1,4
43003,96.0,1497,37,0,1,4
43004,130.5,1492,37,0,1,4
43008,81.0,1488,37,4,1,4
43009,110.0,1569,37,4,1,4
43010,130.5,1597,37,4,1,4
43011,177.0,1705,37,4,0,4
43012,110.0,1569,37,4,1,4
43013,127.0,1598,37,4,0,4
43014,81.0,1395,37,1,1,4
43015,110.0,1505,37,1,1,4
43016,110.0,1505,37,1,1,4
43017,127.0,1595,37,1,0,4
43018,96.0,1505,37,1,1,4
43019,96.0,1505,37,1,1,4
43020,130.5,1505,37,1,1,4
43024,127.0,1695,37,0,0,5
43025,110.0,1610,37,0,1,5
43026,177.0,1730,37,0,0,5
43027,96.0,1395,37,0,1,3
43028,81.0,1365,37,0,0,5
43030,81.0,1290,37,0,1,3
43032,66.0,1290,37,0,1,3
43034,120.0,1464,37,0,1,3
43035,96.0,1395,37,4,1,3
43036,81.0,1280,37,4,0,3
43038,81.0,1280,37,4,1,3
43040,66.0,1280,37,4,1,3
43044,120.0,1456,37,4,1,3
43045,96.0,1611,37,2,1,3
43046,81.0,1611,37,2,0,3
43047,81.0,1602,37,2,1,3
43050,96.0,1615,37,2,1,3
43051,96.0,1395,37,1,1,3
43052,81.0,1364,37,1,0,3
43054,81.0,1383,37,1,1,3
43056,66.0,1355,37,1,1,3
43058,81.0,1377,37,1,1,3
43059,120.0,1505,37,1,1,3
43060,81.0,1505,37,8,0,3
43061,81.0,1568,37,8,0,3
43062,81.0,1597,37,8,0,3
43063,81.0,1470,37,8,0,3
43064,110.0,1612,37,8,0,3
43065,110.0,1693,37,8,0,3
43066,110.0,1722,37,8,0,3
43068,81.0,1460,37,8,1,3
43069,81.0,1547,37,8,1,3
43070,81.0,1505,37,8,1,3
43071,81.0,1449,37,8,1,3
43074,81.0,1460,37,8,1,3
43075,81.0,1545,37,8,1,3
43076,81.0,1504,37,8,1,3
43077,81.0,1460,37,8,1,3
43080,96.0,1505,37,8,1,3
43081,96.0,1600,37,8,1,3
43082,96.0,1506,37,8,1,3
43083,81.0,1438,37,8,1,3
43084,70.0,1460,37,8,1,3
43085,66.0,1987,37,5,1,4
43086,84.0,1987,37,5,1,4
43087,84.0,1987,37,5,0,4
43088,66.0,1982,37,5,1,4
43089,84.0,1982,37,5,1,4
43090,84.0,1982,37,5,0,4
43091,66.0,1976,37,5,1,4
43092,84.0,1976,37,5,1,4
43093,84.0,1976,37,5,0,4
43094,66.0,2230,37,5,1,4
43095,84.0,2230,37,5,1,4
43096,84.0,2230,37,5,0,4
43097,84.0,2009,37,5,1,4
43098,84.0,2009,37,5,0,4
43103,63.0,1055,37,0,1,0
43104,55.0,1055,37,0,1,0
43111,55.0,1418,38,3,1,1
43112,55.0,1487,38,3,1,1
43113,66.0,1418,38,3,1,1
43114,66.0,1487,38,3,1,1
43115,80.0,1418,38,3,1,1
43143,103.0,1803,40,7,0,5
43144,103.0,1774,40,7,1,5
43145,103.0,1851,40,7,0,5
43146,103.0,1822,40,7,1,5
43147,103.0,1891,40,7,1,5
43148,103.0,1942,40,7,1,5
43149,85.0,1772,40,7,1,5
43150,85.0,1823,40,7,1,5
43151,130.0,1804,40,7,0,5
43152,130.0,1800,40,7,1,5
43153,130.0,1855,40,7,0,5
43154,130.0,1851,40,7,1,5
43159,77.0,1505,40,8,0,3
43160,77.0,1480,40,8,1,3
43162,103.0,1490,40,8,1,3
43163,77.0,1475,40,8,0,3
43164,77.0,1450,40,8,1,3
43166,103.0,1465,40,8,1,3
43167,103.0,1615,40,8,1,3
43170,125.0,1530,40,0,1,4
43172,105.0,1505,40,0,1,4
43173,105.0,1505,40,0,1,4
43174,88.0,1505,40,0,1,4
43175,88.0,1505,40,0,1,4
43178,125.0,1590,40,1,1,4
43180,105.0,1565,40,1,1,4
43181,88.0,1565,40,1,1,4
43182,88.0,1565,40,1,1,4
43183,66.0,1170,40,0,1,1
43184,77.0,1170,40,0,1,1
43188,105.0,1245,40,0,1,1
43189,55.0,1150,40,0,1,1
43190,55.0,1135,40,0,1,1
43197,66.0,1225,40,0,1,1
43198,77.0,1225,40,0,1,1
43202,55.0,1190,40,0,1,1
43203,55.0,1205,40,0,1,1
43213,110.0,1300,40,0,1,3
43214,110.0,1305,40,0,1,3
43215,77.0,1281,40,0,1,3
43216,77.0,1286,40,0,1,3
43218,135.0,1370,40,0,1,3
43226,110.0,1315,40,0,0,3
43227,110.0,1285,40,0,1,3
43228,77.0,1261,40,0,1,3
43229,77.0,1266,40,0,1,3
43231,135.0,1350,40,0,1,3
43240,77.0,1265,40,0,1,4
43241,77.0,1265,40,0,1,4
43242,77.0,1265,40,0,1,4
43256,55.0,1204,41,0,1,3
43258,66.0,1204,41,0,1,3
43262,77.0,1219,41,0,1,3
43269,55.0,1199,41,0,1,3
43270,55.0,1203,41,0,1,3
43273,55.0,1224,41,1,1,3
43274,66.0,1224,41,1,1,3
43277,77.0,1239,41,1,1,3
43281,55.0,1219,41,1,1,3
43298,77.0,1390,41,0,1,4
43301,77.0,1380,41,0,0,4
43302,77.0,1375,41,0,0,4
43305,77.0,1365,41,0,1,4
43306,77.0,1355,41,0,1,4
43307,77.0,1350,41,0,1,4
43336,125.0,1505,41,0,0,4
43337,125.0,1495,41,0,0,4
43338,125.0,1490,41,0,0,4
43341,125.0,1485,41,0,1,4
43342,125.0,1475,41,0,1,4
43343,125.0,1470,41,0,1,4
43346,103.0,1415,41,0,0,4
43350,103.0,1395,41,0,1,4
43367,77.0,1405,41,1,1,4
43370,77.0,1395,41,1,0,4
43371,77.0,1390,41,1,0,4
43374,77.0,1370,41,1,1,4
43375,77.0,1380,41,1,1,4
43376,77.0,1365,41,1,1,4
43380,77.0,1480,41,1,1,4
43381,77.0,1475,41,1,1,4
43409,125.0,1510,41,1,0,4
43410,125.0,1520,41,1,0,4
43411,125.0,1505,41,1,0,4
43414,125.0,1500,41,1,1,4
43415,125.0,1490,41,1,1,4
43416,125.0,1485,41,1,1,4
43419,103.0,1430,41,1,0,4
43423,103.0,1410,41,1,1,4
43427,103.0,1520,41,1,0,4
43428,103.0,1515,41,1,0,4
43430,103.0,1505,41,1,1,4
43431,103.0,1500,41,1,1,4
43432,103.0,1495,41,1,1,4
43434,103.0,1575,41,1,0,4
43437,103.0,1570,41,1,1,4
43438,103.0,1555,41,1,1,4
43445,110.0,1355,41,0,0,4
43446,110.0,1334,41,0,1,4
43447,77.0,1338,41,0,0,4
43448,77.0,1307,41,0,1,4
43450,77.0,1265,41,0,1,3
43451,77.0,1265,41,0,1,3
43455,66.0,1322,41,3,1,1
43461,77.0,1322,41,3,1,1
43484,55.0,1314,41,3,1,1
43487,55.0,1308,41,3,1,1
43496,77.0,1524,41,0,1,5
43498,77.0,1517,41,0,1,5
43512,103.0,1569,41,0,0,5
43516,103.0,1547,41,0,1,5
43517,103.0,1551,41,0,1,5
43521,103.0,1645,41,0,0,5
43523,125.0,1572,41,0,0,5
43526,125.0,1555,41,0,1,5
43530,125.0,1632,41,0,1,5
43539,77.0,1546,41,1,1,5
43541,77.0,1539,41,1,1,5
43554,103.0,1591,41,1,0,5
43555,103.0,1591,41,1,0,5
43559,103.0,1569,41,1,1,5
43560,103.0,1573,41,1,1,5
43564,103.0,1667,41,1,0,5
43566,125.0,1594,41,1,0,5
43570,125.0,1577,41,1,1,5
43574,125.0,1654,41,1,1,5
43578,77.0,1410,41,9,1,1
43594,81.0,1420,41,9,1,1
43595,81.0,1415,41,9,1,1
43599,103.0,1470,41,9,1,1
43600,103.0,1555,41,9,0,1
43603,103.0,1530,41,9,1,1
43606,81.0,1525,41,9,1,1
43609,125.0,1535,41,9,1,1
43612,40.0,845,42,4,1,0
43613,40.0,845,42,4,1,0
43636,40.0,875,42,2,1,0
43637,40.0,875,42,2,1,0
43664,129.0,1666,43,9,1,4
43665,109.6,1679,43,9,1,4
43666,129.0,1747,43,9,1,4
43667,129.0,1767,43,9,0,4
43668,109.6,1747,43,9,1,4
43669,114.0,2035,43,9,1,5
43670,114.0,2060,43,9,0,5
43671,114.0,2043,43,5,1,3
43672,114.0,2179,43,5,0,3
43677,108.0,1625,44,9,1,4
43678,108.0,1615,44,9,1,4
43681,108.0,1631,44,9,1,4
43682,108.0,1645,44,9,1,4
43687,110.0,1602,44,0,1,4
43690,110.0,1658,44,1,1,4
43691,110.0,1646,44,1,1,4
43693,66.0,1210,44,6,1,1
43694,66.0,1215,44,6,0,1
43699,108.0,1490,44,9,1,4
43702,95.0,1604,45,9,1,4
43703,95.0,1729,45,9,1,4
43711,55.0,1125,45,0,1,1
43718,55.0,1125,45,0,1,1
43720,55.0,1140,45,0,1,1
43726,55.0,1140,45,0,1,1
43729,99.2,1360,45,9,1,1
43730,99.2,1425,45,9,1,1
43733,91.0,1395,46,0,1,3
43734,91.0,1395,46,0,1,3
43735,66.0,1270,46,0,1,3
43736,66.0,1270,46,0,1,3
43745,91.0,1555,46,0,1,3
43748,91.0,1585,46,1,1,3
43751,110.0,1605,46,0,0,3
43752,110.0,1610,46,0,0,3
43753,110.0,1590,46,0,1,3
43755,110.0,1590,46,0,1,3
43756,110.0,1635,46,1,0,3
43757,110.0,1645,46,1,0,3
43758,110.0,1620,46,1,1,3
43760,110.0,1620,46,1,1,3
43775,140.0,2180,46,9,0,2
43776,140.0,2170,46,9,1,2
43778,140.0,2070,46,9,0,2
43779,140.0,2060,46,9,1,2
43781,200.0,2585,46,9,0,2
43790,91.0,1610,46,9,1,4
43793,110.0,1680,46,9,1,4
43794,110.0,1680,46,9,1,4
43798,110.0,1720,46,9,0,4
43799,110.0,1720,46,9,0,4
43809,91.0,1615,46,8,1,3
43813,110.0,1660,46,8,0,3
43819,66.0,1210,46,8,1,3
43821,66.0,1215,46,8,0,3
43834,66.0,1135,46,0,1,1
43835,66.0,1135,46,0,1,1
43836,66.0,1140,46,0,1,1
43837,66.0,1140,46,0,1,1
43860,75.0,1532,47,3,1,1
43862,75.0,1618,47,3,1,1
43864,75.0,1591,47,3,1,1
43866,75.0,1532,47,3,1,1
43867,75.0,1618,47,3,1,1
43868,75.0,1591,47,3,1,1
43872,75.0,1550,47,3,0,1
43873,75.0,1636,47,3,0,1
43874,75.0,1609,47,3,0,1
43875,75.0,1550,47,3,0,1
43878,75.0,1636,47,3,0,1
43881,75.0,1609,47,3,0,1
43896,75.0,1492,47,3,0,1
43897,75.0,1565,47,3,0,1
43898,75.0,1540,47,3,0,1
43899,75.0,1492,47,3,0,1
43902,75.0,1565,47,3,0,1
43905,75.0,1540,47,3,0,1
43908,75.0,1484,47,3,0,1
43909,75.0,1557,47,3,0,1
43910,75.0,1532,47,3,0,1
43911,75.0,1484,47,3,0,1
43914,75.0,1557,47,3,0,1
43917,75.0,1532,47,3,0,1
43920,75.0,1474,47,3,1,1
43922,75.0,1547,47,3,1,1
43924,75.0,1522,47,3,1,1
43928,75.0,1539,47,3,1,1
43930,75.0,1514,47,3,1,1
43932,75.0,1474,47,3,1,1
43933,75.0,1547,47,3,1,1
43934,75.0,1522,47,3,1,1
43939,75.0,1539,47,3,1,1
43940,75.0,1514,47,3,1,1
43950,75.0,1552,47,3,0,1
43952,75.0,1552,47,3,0,1
43967,75.0,1544,47,3,0,1
43969,75.0,1544,47,3,0,1
43979,75.0,1534,47,3,1,1
43989,75.0,1526,47,3,1,1
43999,75.0,1534,47,3,1,1
44006,75.0,1526,47,3,1,1
44009,55.0,1474,47,3,1,1
44010,55.0,1522,47,3,1,1
44011,55.0,1474,47,3,1,1
44014,55.0,1522,47,3,1,1
44022,55.0,1534,47,3,1,1
44024,55.0,1534,47,3,1,1
44116,103.0,1571,47,3,0,1
44117,103.0,1653,47,3,0,1
44118,103.0,1630,47,3,0,1
44119,103.0,1571,47,3,0,1
44122,103.0,1653,47,3,0,1
44125,103.0,1630,47,3,0,1
44128,103.0,1549,47,3,1,1
44130,103.0,1631,47,3,1,1
44132,103.0,1608,47,3,1,1
44134,103.0,1549,47,3,1,1
44135,103.0,1631,47,3,1,1
44136,103.0,1608,47,3,1,1
44140,103.0,1507,47,3,0,1
44141,103.0,1577,47,3,0,1
44142,103.0,1556,47,3,0,1
44143,103.0,1507,47,3,0,1
44146,103.0,1577,47,3,0,1
44149,103.0,1556,47,3,0,1
44152,103.0,1485,47,3,1,1
44154,103.0,1555,47,3,1,1
44156,103.0,1534,47,3,1,1
44158,103.0,1485,47,3,1,1
44159,103.0,1555,47,3,1,1
44160,103.0,1534,47,3,1,1
44170,103.0,1561,47,3,0,1
44172,103.0,1561,47,3,0,1
44182,103.0,1569,47,3,0,1
44183,103.0,1548,47,3,0,1
44187,103.0,1553,47,3,0,1
44189,103.0,1553,47,3,0,1
44190,103.0,1569,47,3,0,1
44193,103.0,1548,47,3,0,1
44198,103.0,1539,47,3,1,1
44207,103.0,1531,47,3,1,1
44209,103.0,1547,47,3,1,1
44211,103.0,1526,47,3,1,1
44217,103.0,1539,47,3,1,1
44221,103.0,1547,47,3,1,1
44222,103.0,1526,47,3,1,1
44224,103.0,1531,47,3,1,1
44227,103.0,1665,47,3,0,1
44229,103.0,1733,47,3,0,1
44231,103.0,1710,47,3,0,1
44233,103.0,1600,47,3,0,1
44235,103.0,1651,47,3,0,1
44237,103.0,1662,47,3,0,1
44240,103.0,1641,47,3,0,1
44243,81.0,1642,47,3,1,1
44245,81.0,1720,47,3,1,1
44247,81.0,1690,47,3,1,1
44249,81.0,1576,47,3,1,1
44252,81.0,1633,47,3,1,1
44254,81.0,1641,47,3,1,1
44257,81.0,1616,47,3,1,1
44260,125.0,1582,47,3,0,1
44262,125.0,1664,47,3,0,1
44264,125.0,1641,47,3,0,1
44266,125.0,1588,47,3,0,1
44268,125.0,1567,47,3,0,1
44271,125.0,1572,47,3,0,1
44277,125.0,1564,47,3,0,1
44501,62.0,2093,47,5,1,4
44502,75.0,2093,47,5,1,4
44503,103.0,2128,47,5,1,4
44504,103.0,2268,47,5,1,4
44505,84.0,2093,47,5,1,4
44506,103.0,2140,47,5,0,4
44507,75.0,2046,47,5,1,4
44508,75.0,1982,47,5,1,4
44509,103.0,2137,47,5,1,4
44510,103.0,2201,47,5,1,4
44511,103.0,2075,47,5,1,4
44512,103.0,2017,47,5,1,4
44513,84.0,2046,47,5,1,4
44514,84.0,1982,47,5,1,4
44515,103.0,2075,47,5,0,4
44516,103.0,2029,47,5,0,4
44517,132.0,2140,47,5,0,4
44518,132.0,2128,47,5,1,4
44519,132.0,2076,47,5,0,4
44520,132.0,2064,47,5,1,4
44521,132.0,2262,47,5,0,4
44522,132.0,2249,47,5,1,4
44523,132.0,2198,47,5,0,4
44524,132.0,2185,47,5,1,4
44527,77.0,1381,47,0,0,3
44528,77.0,1361,47,0,1,3
44531,103.0,1417,47,0,0,3
44532,103.0,1395,47,0,1,3
44533,80.0,2041,47,5,1,3
44534,100.0,2041,47,5,1,3
44535,120.0,2041,47,5,1,3
44536,80.0,1976,47,5,1,3
44537,80.0,2219,47,5,1,3
44538,80.0,2064,47,5,1,3
44539,100.0,2219,47,5,1,3
44540,100.0,2064,47,5,1,3
44541,120.0,2219,47,5,1,3
44542,120.0,2064,47,5,1,3
44545,103.0,1614,47,2,0,3
44546,103.0,1592,47,2,1,3
44548,66.0,1314,47,0,1,3
44549,77.0,1318,47,0,1,3
44550,77.0,1314,47,0,1,3
44553,100.0,1394,47,0,1,3
44554,125.0,1409,47,0,1,3
44557,77.0,1498,47,2,1,3
44562,103.0,1545,47,2,0,3
44563,103.0,1521,47,2,1,3
44568,66.0,1445,47,1,1,3
44569,77.0,1473,47,1,0,3
44570,77.0,1452,47,1,1,3
44571,77.0,1571,47,1,1,3
44573,103.0,1521,47,1,0,3
44574,103.0,1495,47,1,1,3
44577,66.0,1440,47,0,1,3
44578,77.0,1471,47,0,0,3
44579,77.0,1450,47,0,1,3
44581,103.0,1501,47,0,0,3
44582,103.0,1476,47,0,1,3
44585,77.0,1313,47,0,0,3
44586,77.0,1295,47,0,1,3
44588,110.0,1375,47,0,0,3
44589,110.0,1354,47,0,1,3
44590,110.0,1449,47,0,1,3
44592,77.0,1415,47,0,0,3
44593,77.0,1395,47,0,1,3
44596,75.0,1976,47,5,1,4
44598,103.0,1976,47,5,1,4
44599,103.0,1985,47,5,1,4
44601,103.0,2027,47,5,1,4
44602,84.0,1976,47,5,1,4
44606,103.0,1976,47,5,0,4
44608,132.0,1976,47,5,0,4
44609,132.0,1976,47,5,1,4
44610,132.0,2026,47,5,0,4
44611,132.0,2013,47,5,1,4
44613,132.0,1976,47,5,1,4
44614,132.0,2075,47,5,0,4
44615,132.0,2075,47,5,1,4
44616,75.0,2032,47,5,1,4
44617,75.0,2097,47,5,1,4
44618,103.0,2067,47,5,1,4
44619,103.0,2187,47,5,1,4
44620,84.0,2032,47,5,1,4
44622,84.0,2097,47,5,1,4
44623,84.0,2150,47,5,1,4
44624,103.0,2153,47,5,0,4
44626,103.0,2141,47,5,1,4
44628,103.0,2206,47,5,0,4
44629,103.0,2194,47,5,1,4
44630,103.0,2328,47,5,1,4
44631,103.0,2259,47,5,1,4
44633,132.0,2181,47,5,0,4
44634,132.0,2169,47,5,1,4
44635,132.0,2231,47,5,0,4
44636,132.0,2219,47,5,1,4
44637,132.0,2353,47,5,0,4
44638,132.0,2340,47,5,1,4
44639,132.0,2284,47,5,0,4
44641,132.0,2271,47,5,1,4
44645,77.0,1530,47,0,0,4
44646,77.0,1505,47,0,1,4
44647,77.0,1499,47,0,1,4
44648,103.0,1560,47,0,0,4
44649,103.0,1532,47,0,1,4
44650,103.0,1637,47,0,1,4
44651,130.0,1559,47,0,0,4
44652,130.0,1534,47,0,1,4
44653,130.0,1650,47,0,0,4
44656,77.0,1547,47,1,1,4
44657,77.0,1543,47,1,1,4
44658,103.0,1601,47,1,0,4
44659,103.0,1571,47,1,1,4
44660,103.0,1609,47,1,1,4
44661,103.0,1656,47,1,1,4
44662,103.0,1706,47,1,1,4
44663,130.0,1580,47,1,0,4
44664,130.0,1558,47,1,1,4
44665,130.0,1672,47,1,0,4
44666,130.0,1726,47,1,0,4
44668,100.0,1557,47,2,1,4
44669,103.0,1571,47,2,0,4
44670,130.0,1590,47,2,0,4
44671,130.0,1573,47,2,1,4
44672,130.0,1691,47,2,0,4
44676,176.0,2315,47,0,0,2
44677,176.0,2233,47,0,0,2
44679,66.0,1179,47,0,0,1
44680,66.0,1165,47,0,1,1
44681,66.0,1157,47,0,1,1
44682,77.0,1165,47,0,1,1
44685,55.0,1150,47,0,1,1
44686,55.0,1132,47,0,1,1
44699,130.0,1393,47,4,0,4
44700,130.0,1374,47,4,1,4
44701,103.0,1395,47,4,0,4
44702,103.0,1379,47,4,1,4
44703,103.0,1803,47,7,0,5
44704,103.0,1774,47,7,1,5
44705,103.0,1891,47,7,1,5
44706,85.0,1772,47,7,1,5
44707,130.0,1804,47,7,0,5
44708,130.0,1800,47,7,1,5
44712,103.0,1541,47,9,1,4
44713,103.0,1664,47,9,0,4
44714,103.0,1654,47,9,1,4
44715,81.0,1543,47,9,1,4
44716,130.0,1688,47,9,0,4
44717,130.0,1678,47,9,1,4
44719,150.0,2153,47,9,0,2
44720,250.0,2297,47,9,0,2
44721,180.0,2152,47,9,0,2
44722,180.0,2203,47,9,0,2
44724,66.0,1539,47,9,1,2
44725,77.0,1557,47,9,0,2
44726,77.0,1556,47,9,0,2
44727,77.0,1539,47,9,1,2
44728,77.0,1539,47,9,1,2
44729,77.0,1544,47,9,1,2
44731,103.0,1583,47,9,0,2
44732,103.0,1603,47,9,0,2
44733,103.0,1560,47,9,1,2
44734,103.0,1582,47,9,1,2
44735,130.0,1639,47,9,0,2
44744,100.0,1569,48,0,0,5
44745,100.0,1545,48,0,1,5
44751,158.0,1580,48,0,0,5
44752,158.0,1641,48,0,0,5
44753,158.0,1569,48,0,1,5
44754,84.0,1488,48,0,1,5
44755,84.0,1505,48,0,0,5
44756,120.0,1569,48,0,0,5
44757,120.0,1545,48,0,1,5
44760,158.0,1645,48,0,0,2
44761,158.0,1706,48,0,0,2
44762,120.0,1636,48,0,0,2
44764,100.0,1631,48,0,0,2
44765,100.0,1605,48,0,1,2
44769,158.0,1640,48,0,0,2
44770,158.0,1701,48,0,0,2
44771,158.0,1635,48,0,1,2
44772,120.0,1631,48,0,0,2
44773,120.0,1605,48,0,1,2
44780,110.0,1498,48,1,0,4
44781,110.0,1477,48,1,1,4
44782,130.0,1498,48,1,0,4
44783,130.0,1477,48,1,1,4
44785,84.0,1366,48,1,1,4
44786,84.0,1424,48,1,0,4
44789,84.0,1366,48,1,1,4
44790,84.0,1424,48,1,0,4
44796,110.0,1504,48,1,0,4
44797,110.0,1484,48,1,1,4
44798,130.0,1504,48,1,0,4
44799,130.0,1484,48,1,1,4
44802,84.0,1387,48,1,1,4
44803,84.0,1433,48,1,0,4
44804,100.0,1613,48,1,0,5
44805,100.0,1590,48,1,1,5
44811,158.0,1631,48,1,0,5
44812,158.0,1691,48,1,0,5
44813,158.0,1606,48,1,1,5
44814,84.0,1535,48,1,1,5
44815,84.0,1556,48,1,0,5
44816,120.0,1701,48,1,0,5
44817,120.0,1613,48,1,0,5
44818,120.0,1590,48,1,1,5
44821,100.0,1690,48,1,0,5
44822,100.0,1671,48,1,1,5
44826,158.0,1698,48,1,0,5
44827,158.0,1761,48,1,0,5
44828,158.0,1687,48,1,1,5
44829,120.0,1761,48,1,0,5
44830,120.0,1690,48,1,0,5
44831,120.0,1671,48,1,1,5
44833,100.0,1725,48,9,0,5
44834,100.0,1716,48,9,1,5
44836,158.0,1793,48,9,0,5
44837,158.0,1783,48,9,1,5
44838,120.0,1792,48,9,0,5
44839,120.0,1776,48,9,1,5
44840,120.0,1725,48,9,0,5
44841,120.0,1716,48,9,1,5
44843,158.0,1798,48,1,0,5
44844,158.0,1788,48,1,1,5
44845,120.0,1799,48,1,0,5
44846,120.0,1786,48,1,1,5
44847,120.0,1726,48,1,0,5
44848,120.0,1706,48,1,1,5
