,CO2
1,136.0
2,134.0
4,139.0
7,139.0
8,137.0
10,142.0
16,142.0
18,142.0
40,114.0
42,119.0
44,124.0
53,119.0
55,124.0
57,119.0
61,119.0
67,114.0
69,114.0
78,104.0
82,95.0
86,90.0
90,88.0
101,142.0
102,142.0
184,110.0
185,99.0
186,99.0
188,108.0
194,110.0
195,99.0
196,99.0
198,108.0
203,114.0
209,134.0
210,119.0
218,102.0
219,99.0
223,117.0
224,106.0
225,122.0
227,102.0
228,99.0
233,119.0
234,108.0
235,122.0
238,154.0
241,126.0
242,144.0
243,139.0
245,116.0
246,123.0
247,154.0
249,135.0
251,156.0
252,153.0
253,159.0
256,152.0
258,120.0
259,139.0
260,134.0
262,112.0
263,117.0
264,149.0
266,133.0
268,151.0
271,120.0
272,139.0
273,134.0
275,149.0
277,133.0
281,127.0
282,142.0
286,152.0
288,120.0
289,139.0
290,134.0
292,152.0
294,133.0
299,156.0
302,132.0
304,132.0
305,166.0
310,156.0
311,152.0
313,139.0
315,165.0
316,176.0
318,165.0
319,159.0
322,156.0
325,129.0
327,129.0
328,166.0
333,156.0
334,149.0
336,139.0
337,156.0
339,166.0
344,156.0
345,152.0
350,198.0
351,171.0
355,158.0
356,171.0
357,195.0
358,169.0
362,158.0
363,169.0
365,137.0
366,152.0
367,149.0
368,144.0
369,156.0
370,148.0
373,169.0
374,169.0
375,154.0
376,179.0
377,139.0
378,154.0
382,242.0
383,189.0
386,195.0
408,144.0
409,139.0
421,146.0
422,144.0
445,112.0
448,112.0
451,118.0
456,119.0
457,117.0
460,127.0
461,145.0
462,118.0
463,140.0
466,119.0
467,140.0
472,119.0
473,118.0
478,132.0
479,145.0
480,124.0
481,140.0
482,119.0
483,122.0
484,123.0
485,126.0
488,125.0
489,140.0
490,123.0
491,126.0
492,116.0
493,119.0
494,119.0
495,122.0
496,126.0
497,129.0
498,139.0
499,149.0
500,134.0
501,145.0
502,135.0
503,145.0
508,99.0
523,119.0
524,123.0
525,119.0
526,123.0
532,116.0
533,117.0
534,114.0
535,118.0
536,127.0
537,129.0
538,119.0
539,122.0
540,119.0
541,123.0
542,119.0
543,123.0
546,120.0
547,142.0
548,117.0
549,118.0
550,116.0
551,118.0
554,129.0
555,131.0
556,129.0
557,131.0
560,135.0
561,149.0
564,137.0
565,150.0
566,125.0
567,140.0
576,129.0
577,133.0
578,129.0
579,133.0
580,112.0
581,112.0
584,128.0
585,142.0
586,140.0
587,153.0
588,114.0
597,117.0
598,118.0
599,119.0
600,120.0
601,124.0
602,125.0
603,127.0
604,128.0
605,109.0
606,109.0
610,160.0
611,168.0
616,151.0
617,160.0
618,134.0
623,153.0
624,163.0
625,129.0
634,162.0
635,170.0
640,171.0
641,178.0
642,152.0
643,164.0
644,142.0
649,174.0
650,181.0
651,155.0
652,165.0
653,137.0
660,174.0
668,176.0
673,129.0
674,133.0
675,136.0
676,130.0
677,134.0
678,137.0
685,123.0
686,127.0
687,129.0
688,125.0
689,128.0
690,130.0
691,119.0
698,139.0
699,135.0
700,139.0
701,142.0
702,138.0
703,142.0
704,145.0
705,143.0
706,147.0
707,150.0
708,134.0
709,138.0
710,140.0
711,126.0
712,130.0
713,132.0
714,132.0
715,136.0
716,138.0
735,149.0
736,153.0
737,156.0
744,145.0
745,149.0
746,152.0
747,155.0
748,159.0
749,162.0
750,146.0
751,149.0
752,152.0
753,139.0
754,143.0
755,145.0
756,149.0
757,153.0
758,155.0
765,173.0
766,183.0
767,163.0
768,153.0
778,156.0
779,159.0
780,163.0
781,148.0
782,152.0
783,155.0
793,142.0
794,146.0
795,148.0
796,149.0
797,154.0
798,156.0
800,175.0
802,187.0
803,168.0
804,154.0
807,169.0
812,165.0
817,152.0
818,154.0
819,158.0
829,143.0
830,144.0
831,145.0
835,147.0
836,148.0
837,149.0
838,149.0
839,152.0
840,153.0
841,154.0
842,157.0
843,158.0
867,178.0
868,180.0
869,148.0
870,158.0
871,148.0
874,183.0
875,181.0
877,159.0
878,149.0
886,169.0
888,169.0
915,145.0
916,154.0
919,155.0
920,136.0
921,155.0
922,139.0
923,132.0
924,128.0
925,132.0
926,129.0
927,164.0
928,150.0
929,164.0
930,153.0
931,167.0
932,158.0
933,143.0
934,144.0
935,143.0
936,145.0
937,128.0
938,119.0
943,142.0
944,135.0
945,147.0
946,149.0
947,159.0
948,162.0
952,195.0
953,198.0
954,199.0
960,204.0
1018,99.0
1019,95.0
1024,97.0
1025,95.0
1030,198.0
1031,164.0
1032,208.0
1033,170.0
1048,164.0
1049,126.0
1050,117.0
1053,164.0
1054,126.0
1055,117.0
1057,164.0
1058,126.0
1059,119.0
1061,160.0
1062,125.0
1064,169.0
1065,139.0
1066,139.0
1073,129.0
1074,120.0
1075,139.0
1079,134.0
1080,135.0
1081,135.0
1082,123.0
1083,120.0
1084,144.0
1085,144.0
1101,87.0
1102,99.0
1103,95.0
1104,118.0
1105,114.0
1106,109.0
1107,99.0
1108,107.0
1109,104.0
1110,95.0
1111,99.0
1112,95.0
1113,90.0
1114,98.0
1126,127.0
1127,119.0
1128,107.0
1129,105.0
1130,109.0
1131,112.0
1140,97.0
1141,95.0
1142,100.0
1143,98.0
1144,95.0
1145,101.0
1146,109.0
1147,106.0
1148,104.0
1149,130.0
1150,127.0
1151,141.0
1152,146.0
1153,119.0
1154,129.0
1160,105.0
1161,105.0
1162,104.0
1163,110.0
1164,98.0
1165,137.0
1166,135.0
1167,137.0
1168,130.0
1169,136.0
1170,120.0
1171,139.0
1172,132.0
1173,135.0
1174,137.0
1175,140.0
1176,139.0
1179,135.0
1180,132.0
1181,133.0
1182,126.0
1183,132.0
1184,120.0
1185,137.0
1186,130.0
1187,155.0
1191,117.0
1192,125.0
1193,130.0
1194,129.0
1195,163.0
1196,189.0
1197,159.0
1201,117.0
1202,125.0
1203,134.0
1204,133.0
1205,163.0
1206,189.0
1207,155.0
1208,155.0
1209,189.0
1220,118.0
1221,114.0
1222,109.0
1223,99.0
1224,95.0
1225,99.0
1226,95.0
1227,90.0
1228,98.0
1235,99.0
1241,122.0
1242,110.0
1243,110.0
1244,114.0
1245,113.0
1246,130.0
1247,149.0
1251,114.0
1254,133.0
1255,129.0
1257,158.0
1258,154.0
1259,187.0
1260,184.0
1261,184.0
1262,189.0
1263,189.0
1264,179.0
1265,172.0
1266,172.0
1267,199.0
1268,179.0
1269,172.0
1270,172.0
1271,199.0
1272,179.0
1273,172.0
1274,172.0
1275,172.0
1276,179.0
1277,172.0
1278,172.0
1279,119.0
1280,107.0
1281,119.0
1286,118.0
1287,118.0
1296,132.0
1297,130.0
1298,135.0
1299,126.0
1302,116.0
1305,116.0
1306,109.0
1307,109.0
1308,99.0
1311,99.0
1312,99.0
1316,99.0
1317,105.0
1326,150.0
1327,139.0
1328,139.0
1329,154.0
1330,148.0
1332,139.0
1333,134.0
1334,119.0
1336,229.0
1337,195.0
1338,195.0
1339,195.0
1340,195.0
1341,195.0
1342,195.0
1343,195.0
1344,195.0
1345,199.0
1346,199.0
1347,199.0
1348,229.0
1349,229.0
1363,199.0
1365,199.0
1421,110.0
1438,104.0
1459,110.0
1472,104.0
1480,105.0
1482,109.0
1484,105.0
1485,110.0
1489,114.0
1491,110.0
1508,117.0
1510,122.0
1532,129.0
1536,115.0
1537,120.0
1541,129.0
1545,125.0
1546,122.0
1547,139.0
1553,135.0
1555,135.0
1564,138.0
1565,138.0
1568,145.0
1569,150.0
1570,158.0
1571,150.0
1572,150.0
1575,156.0
1576,157.0
1577,163.0
1628,133.0
1629,133.0
1630,145.0
1631,138.0
1632,138.0
1633,148.0
1636,145.0
1637,150.0
1638,158.0
1644,141.0
1645,152.0
1646,163.0
1647,186.0
1649,173.0
1651,186.0
1653,180.0
1659,173.0
1661,167.0
1666,186.0
1668,173.0
1670,186.0
1672,180.0
1676,173.0
1678,167.0
1682,207.0
1684,181.0
1686,210.0
1688,184.0
1690,182.0
1692,166.0
1696,186.0
1698,186.0
1699,186.0
1700,180.0
1702,186.0
1704,186.0
1706,186.0
1707,180.0
1712,180.0
1715,180.0
1716,180.0
1718,174.0
1722,186.0
1724,186.0
1725,180.0
1727,186.0
1729,186.0
1730,180.0
1734,180.0
1736,180.0
1737,180.0
1741,174.0
1747,207.0
1749,207.0
1750,210.0
1752,210.0
1754,182.0
1756,182.0
1757,174.0
1759,186.0
1760,186.0
1762,180.0
1765,186.0
1766,186.0
1767,180.0
1769,182.0
1786,107.0
1788,119.0
1789,119.0
1790,107.0
1792,169.0
1793,169.0
1794,169.0
1795,169.0
1796,194.0
1802,128.0
1908,104.0
1910,109.0
1912,125.0
1932,112.0
1934,110.0
1936,90.0
1958,112.0
1960,110.0
1962,90.0
1966,183.0
1968,183.0
1970,183.0
1972,183.0
1974,183.0
1976,183.0
1986,128.0
1988,129.0
1991,141.0
1992,139.0
1997,104.0
1998,109.0
2003,117.0
2004,112.0
2005,117.0
2006,112.0
2007,129.0
2008,144.0
2009,144.0
2010,129.0
2011,144.0
2026,87.0
2027,87.0
2028,95.0
2030,95.0
2031,98.0
2032,98.0
2045,99.0
2046,99.0
2047,99.0
2048,88.0
2049,88.0
2050,88.0
2056,109.0
2057,109.0
2058,109.0
2059,109.0
2060,109.0
2061,109.0
2062,124.0
2063,134.0
2064,124.0
2065,134.0
2066,124.0
2067,134.0
2068,134.0
2069,134.0
2070,134.0
2071,124.0
2072,134.0
2073,124.0
2074,134.0
2075,124.0
2076,134.0
2081,189.0
2082,179.0
2083,139.0
2085,139.0
2086,159.0
2087,139.0
2088,159.0
2097,124.0
2099,120.0
2101,124.0
2103,120.0
2105,134.0
2106,149.0
2109,149.0
2111,134.0
2112,149.0
2116,109.0
2119,154.0
2120,162.0
2121,139.0
2122,154.0
2123,162.0
2127,173.0
2129,173.0
2130,112.0
2132,112.0
2133,125.0
2135,125.0
2139,149.0
2141,149.0
2142,119.0
2144,120.0
2145,149.0
2147,149.0
2148,119.0
2150,120.0
2152,189.0
2153,174.0
2154,139.0
2157,139.0
2158,159.0
2159,139.0
2160,159.0
2161,172.0
2162,172.0
2163,172.0
2164,172.0
2165,168.0
2167,168.0
2168,181.0
2169,168.0
2171,168.0
2172,181.0
2173,168.0
2175,168.0
2176,184.0
2177,189.0
2179,194.0
2180,184.0
2181,189.0
2183,194.0
2184,184.0
2185,189.0
2188,194.0
2189,197.0
2190,189.0
2191,192.0
2194,194.0
2195,197.0
2197,194.0
2200,199.0
2201,203.0
2202,194.0
2203,197.0
2206,199.0
2207,203.0
2208,184.0
2209,189.0
2212,189.0
2213,192.0
2217,194.0
2220,194.0
2221,197.0
2224,194.0
2225,197.0
2226,194.0
2227,197.0
2228,199.0
2229,203.0
2230,199.0
2231,203.0
2232,184.0
2233,189.0
2234,192.0
2235,189.0
2236,194.0
2237,197.0
2238,184.0
2239,189.0
2240,192.0
2241,194.0
2242,197.0
2244,194.0
2245,197.0
2247,199.0
2248,203.0
2250,194.0
2251,197.0
2252,199.0
2253,203.0
2254,184.0
2255,189.0
2256,192.0
2257,184.0
2258,189.0
2259,192.0
2261,194.0
2262,197.0
2264,194.0
2265,197.0
2266,189.0
2267,194.0
2268,197.0
2269,194.0
2270,197.0
2272,199.0
2273,203.0
2274,194.0
2275,197.0
2276,194.0
2277,197.0
2278,199.0
2279,203.0
2280,199.0
2281,203.0
2282,194.0
2283,197.0
2284,194.0
2285,197.0
2286,199.0
2287,203.0
2288,199.0
2289,203.0
2291,138.0
2292,162.0
2293,147.0
2295,141.0
2296,159.0
2299,143.0
2300,167.0
2301,149.0
2302,150.0
2304,164.0
2313,110.0
2314,115.0
2319,171.0
2320,195.0
2321,149.0
2322,154.0
2323,174.0
2324,180.0
2346,99.0
2347,84.0
2348,106.0
2350,114.0
2351,114.0
2353,105.0
2354,145.0
2356,97.0
2357,100.0
2360,149.0
2361,117.0
2362,113.0
2363,117.0
2364,149.0
2365,134.0
2366,122.0
2367,113.0
2369,149.0
2370,134.0
2371,122.0
2372,113.0
2374,119.0
2375,114.0
2376,125.0
2377,117.0
2380,187.0
2381,149.0
2382,139.0
2384,135.0
2385,147.0
2386,178.0
2387,149.0
2388,159.0
2389,175.0
2393,224.0
2399,225.0
2402,225.0
2416,199.0
2417,199.0
2427,159.0
2428,159.0
2429,135.0
2430,135.0
2431,139.0
2432,139.0
2436,135.0
2437,135.0
2438,139.0
2439,139.0
2440,163.0
2441,163.0
2447,167.0
2448,159.0
2464,224.0
2467,230.0
2470,165.0
2471,185.0
2472,158.0
2473,185.0
2483,196.0
2484,196.0
2487,229.0
2488,229.0
2491,149.0
2493,169.0
2495,129.0
2497,149.0
2499,169.0
2503,149.0
2504,174.0
2505,133.0
2506,149.0
2507,174.0
2513,194.0
2514,194.0
2515,199.0
2516,199.0
2517,172.0
2519,172.0
2524,161.0
2526,161.0
2531,218.0
2532,218.0
2539,198.0
2549,187.0
2551,209.0
2555,213.0
2557,227.0
2572,217.0
2573,194.0
2577,217.0
2578,230.0
2591,124.0
2592,159.0
2593,127.0
2594,132.0
2597,124.0
2598,159.0
2599,127.0
2600,132.0
2603,114.0
2605,109.0
2606,145.0
2608,108.0
2609,114.0
2615,117.0
2616,149.0
2617,117.0
2618,149.0
2619,117.0
2623,158.0
2624,133.0
2632,94.0
2633,94.0
2634,85.0
2636,109.0
2637,109.0
2638,113.0
2639,113.0
2645,155.0
2646,155.0
2647,178.0
2648,159.0
2649,155.0
2650,129.0
2653,189.0
2654,179.0
2655,183.0
2656,149.0
2657,156.0
2658,139.0
2659,147.0
2660,135.0
2661,143.0
2663,119.0
2664,125.0
2732,120.0
2733,122.0
2735,149.0
2736,122.0
2738,135.0
2744,109.0
2745,114.0
2749,185.0
2750,191.0
2751,185.0
2752,207.0
2753,207.0
2758,99.0
2828,144.0
2834,134.0
2991,110.0
2995,142.0
2998,115.0
3002,138.0
3035,108.0
3043,127.0
3051,119.0
3059,127.0
3067,116.0
3075,129.0
3083,121.0
3091,129.0
3099,140.0
3100,133.0
3103,141.0
3104,135.0
3113,119.0
3121,139.0
3145,136.0
3153,144.0
3161,136.0
3169,144.0
3354,109.0
3356,110.0
3357,114.0
3359,116.0
3380,98.0
3383,99.0
3384,102.0
3386,105.0
3414,92.0
3490,109.0
3493,114.0
3496,116.0
3508,111.0
3511,118.0
3514,121.0
3551,109.0
3552,113.0
3553,115.0
3585,115.0
3586,112.0
3587,113.0
3590,116.0
3591,114.0
3593,119.0
3595,117.0
3598,122.0
3599,120.0
3600,121.0
3651,114.0
3655,115.0
3659,118.0
3663,121.0
3709,108.0
3710,113.0
3712,117.0
3851,112.0
3853,116.0
3854,114.0
3856,119.0
3858,117.0
3861,122.0
3862,120.0
3863,121.0
3881,114.0
3882,115.0
3886,118.0
3890,121.0
3983,114.0
3985,117.0
3987,120.0
4107,125.0
4109,127.0
4111,130.0
4113,131.0
4115,139.0
4151,129.0
4153,131.0
4155,133.0
4157,135.0
4159,140.0
4307,127.0
4309,130.0
4311,133.0
4313,141.0
4331,134.0
4333,136.0
4335,140.0
4337,144.0
4355,125.0
4357,127.0
4359,130.0
4361,131.0
4363,139.0
4399,129.0
4401,131.0
4403,133.0
4405,135.0
4407,140.0
4487,127.0
4489,130.0
4491,133.0
4493,141.0
4511,134.0
4513,136.0
4515,140.0
4517,144.0
4559,117.0
4562,120.0
4565,123.0
4568,133.0
4577,109.0
4599,125.0
4602,127.0
4605,131.0
4608,136.0
4617,116.0
4639,144.0
4640,146.0
4641,148.0
4642,152.0
4651,117.0
4654,123.0
4657,133.0
4681,128.0
4684,134.0
4687,139.0
4711,124.0
4714,126.0
4717,128.0
4720,135.0
4729,114.0
4751,134.0
4754,135.0
4757,136.0
4760,138.0
4787,147.0
4788,149.0
4789,151.0
4790,155.0
4799,125.0
4802,128.0
4805,131.0
4808,140.0
4835,125.0
4838,127.0
4841,131.0
4844,136.0
4871,144.0
4874,146.0
4877,148.0
4880,152.0
4931,128.0
4934,134.0
4937,143.0
4967,128.0
4971,134.0
4975,139.0
5027,128.0
5030,131.0
5033,132.0
5036,141.0
5063,134.0
5066,135.0
5069,136.0
5072,138.0
5099,147.0
5102,149.0
5105,151.0
5108,155.0
5159,185.0
5161,189.0
5175,154.0
5177,157.0
5239,191.0
5240,195.0
5247,159.0
5249,162.0
5303,119.0
5304,123.0
5305,119.0
5306,112.0
5307,116.0
5309,112.0
5312,123.0
5314,116.0
5433,109.0
5435,114.0
5437,117.0
5463,109.0
5476,134.0
5479,135.0
5482,138.0
5494,159.0
5495,161.0
5496,162.0
5504,174.0
5506,175.0
5508,176.0
5544,159.0
5546,160.0
5556,177.0
5559,179.0
5562,181.0
5574,144.0
5575,145.0
5576,146.0
5580,160.0
5581,162.0
5582,164.0
5786,134.0
5788,136.0
5790,141.0
5850,125.0
5851,127.0
5852,134.0
5898,134.0
5900,136.0
5902,141.0
5962,127.0
5963,129.0
5964,135.0
6166,140.0
6168,145.0
6170,147.0
6194,135.0
6195,138.0
6196,141.0
6208,140.0
6210,146.0
6212,147.0
6236,137.0
6237,139.0
6238,141.0
6314,123.0
6315,128.0
6316,131.0
6326,128.0
6327,134.0
6328,138.0
6338,135.0
6339,140.0
6341,142.0
6348,138.0
6349,141.0
6351,142.0
6358,130.0
6361,133.0
6364,139.0
6385,119.0
6470,123.0
6471,125.0
6498,129.0
6501,132.0
6504,138.0
6606,125.0
6607,128.0
6608,133.0
6634,136.0
6638,139.0
6642,141.0
6690,132.0
6691,133.0
6692,135.0
6704,139.0
6708,142.0
6712,143.0
6760,134.0
6761,141.0
6786,128.0
6787,134.0
6788,138.0
6798,119.0
6799,128.0
6800,133.0
6810,128.0
6811,134.0
6812,138.0
6822,119.0
6823,126.0
6824,129.0
6860,135.0
6861,140.0
6863,142.0
6870,127.0
6871,134.0
6872,136.0
6884,138.0
6885,141.0
6887,142.0
6894,126.0
6895,128.0
6896,130.0
6938,130.0
6941,133.0
6944,139.0
6998,126.0
6999,128.0
7000,133.0
7018,129.0
7021,132.0
7024,138.0
7078,128.0
7079,131.0
7080,136.0
7098,147.0
7101,152.0
7134,143.0
7135,149.0
7192,136.0
7196,139.0
7200,141.0
7248,134.0
7249,136.0
7250,138.0
7262,139.0
7266,142.0
7270,143.0
7318,136.0
7319,143.0
7320,145.0
7332,157.0
7336,161.0
7372,152.0
7373,155.0
7530,156.0
7531,159.0
7597,144.0
7598,149.0
7599,157.0
7629,166.0
7630,169.0
7687,152.0
7688,155.0
7689,162.0
7690,156.0
7699,143.0
7700,149.0
7701,150.0
7739,149.0
7740,154.0
7741,156.0
7777,173.0
7778,175.0
7785,156.0
7786,159.0
7809,180.0
7810,184.0
7813,188.0
7849,144.0
7850,149.0
7851,157.0
7873,160.0
7874,169.0
8033,187.0
8034,189.0
8043,166.0
8044,169.0
8063,191.0
8069,189.0
8071,190.0
8085,152.0
8086,155.0
8087,162.0
8099,170.0
8100,173.0
8433,295.0
8435,295.0
8436,295.0
8437,295.0
8459,192.0
8461,199.0
8463,209.0
8489,159.0
8491,162.0
8493,164.0
8495,165.0
8497,169.0
8509,143.0
8510,145.0
8512,146.0
8513,147.0
8519,145.0
8520,147.0
8521,149.0
8522,156.0
8527,149.0
8528,143.0
8530,151.0
8531,145.0
8533,152.0
8536,159.0
8537,146.0
8539,147.0
8551,145.0
8552,147.0
8553,149.0
8554,156.0
8571,159.0
8572,161.0
8573,162.0
8574,168.0
8591,149.0
8593,151.0
8595,152.0
8597,159.0
8617,159.0
8619,162.0
8621,164.0
8623,165.0
8625,169.0
8645,179.0
8647,181.0
8649,182.0
8651,183.0
8653,185.0
8689,158.0
8693,165.0
8697,170.0
8769,158.0
8773,165.0
8777,170.0
8834,179.0
8837,189.0
8840,194.0
8958,199.0
8959,206.0
8974,208.0
8976,201.0
9016,223.0
9022,223.0
9040,223.0
9100,149.0
9101,146.0
9102,150.0
9103,151.0
9108,149.0
9109,146.0
9110,150.0
9111,151.0
9124,193.0
9125,195.0
9128,164.0
9130,166.0
9132,168.0
9150,193.0
9151,195.0
9158,164.0
9160,166.0
9162,168.0
9202,146.0
9203,151.0
9204,153.0
9205,155.0
9218,148.0
9219,154.0
9220,156.0
9221,158.0
9486,124.0
9490,129.0
9502,128.0
9508,132.0
9561,207.0
9562,207.0
9563,207.0
9564,208.0
9565,210.0
9566,213.0
9567,216.0
9568,219.0
9569,222.0
9570,208.0
9571,211.0
9572,213.0
9573,211.0
9574,213.0
9575,216.0
9576,216.0
9577,219.0
9578,222.0
9579,207.0
9582,208.0
9585,216.0
9588,208.0
9591,211.0
9594,216.0
9600,207.0
9604,213.0
9608,222.0
9612,213.0
9616,216.0
9620,222.0
9777,210.0
9782,215.0
9787,224.0
9792,216.0
9797,218.0
9802,224.0
9833,208.0
9834,210.0
9835,213.0
9836,216.0
9837,219.0
9838,222.0
9839,208.0
9840,211.0
9841,213.0
9842,211.0
9843,213.0
9844,216.0
9845,208.0
9848,216.0
9851,208.0
9854,211.0
9860,213.0
9864,222.0
9868,213.0
9872,216.0
9989,215.0
9994,224.0
9999,216.0
10004,218.0
10026,207.0
10029,208.0
10032,216.0
10035,208.0
10038,211.0
10041,216.0
10044,207.0
10047,208.0
10050,216.0
10053,208.0
10056,211.0
10059,216.0
10298,208.0
10301,216.0
10304,208.0
10307,211.0
10310,208.0
10313,216.0
10316,208.0
10319,211.0
10490,230.0
10492,240.0
10498,232.0
10499,235.0
10500,227.0
10512,232.0
10513,232.0
10527,232.0
10576,227.0
10578,230.0
10582,210.0
10584,227.0
10585,229.0
10590,232.0
10592,235.0
10602,227.0
10603,227.0
10609,232.0
10611,232.0
10623,227.0
10629,232.0
10698,232.0
10712,232.0
10727,232.0
10784,227.0
10790,232.0
10802,227.0
10809,232.0
10823,227.0
10829,232.0
10898,229.0
10899,232.0
10930,224.0
10931,227.0
10938,229.0
10940,232.0
11053,207.0
11055,210.0
11057,219.0
11061,211.0
11065,213.0
11069,219.0
11073,207.0
11075,213.0
11077,222.0
11081,213.0
11085,216.0
11089,222.0
11123,207.0
11126,213.0
11129,222.0
11135,213.0
11141,216.0
11147,222.0
11243,238.0
11247,241.0
11251,246.0
11255,189.0
11260,197.0
11265,205.0
11277,201.0
11287,209.0
11297,214.0
12066,210.0
12068,219.0
12072,211.0
12074,213.0
12078,213.0
12080,222.0
12102,213.0
12105,222.0
12147,238.0
12151,241.0
12155,189.0
12157,197.0
12162,205.0
12176,201.0
12178,213.0
12181,209.0
12185,216.0
12272,213.0
12279,216.0
12433,246.0
12477,214.0
12783,269.0
12787,272.0
12791,240.0
12797,233.0
12799,243.0
12923,262.0
12939,258.0
13121,207.0
13123,210.0
13125,219.0
13129,211.0
13133,213.0
13137,219.0
13141,207.0
13144,208.0
13147,216.0
13153,208.0
13159,211.0
13165,216.0
13171,207.0
13173,213.0
13175,222.0
13179,213.0
13183,216.0
13187,222.0
13261,207.0
13264,213.0
13267,222.0
13273,213.0
13279,216.0
13285,222.0
14580,210.0
14582,219.0
14586,211.0
14588,213.0
14592,208.0
14595,216.0
14601,208.0
14604,211.0
14610,213.0
14612,222.0
14616,213.0
14618,216.0
14664,213.0
14667,222.0
14673,213.0
14676,216.0
16114,207.0
16117,208.0
16120,216.0
16126,208.0
16132,211.0
16138,216.0
17015,208.0
17018,216.0
17024,208.0
17027,211.0
17883,211.0
17887,213.0
17891,216.0
17896,208.0
17906,211.0
17916,214.0
18057,190.0
18061,192.0
18065,195.0
18069,198.0
18081,200.0
18093,203.0
18106,187.0
18120,190.0
18134,193.0
18483,211.0
18496,208.0
18657,190.0
18669,198.0
18706,187.0
19083,211.0
19096,208.0
19257,190.0
19269,198.0
19306,187.0
19695,216.0
19699,216.0
19733,214.0
19743,214.0
19961,195.0
19965,195.0
20003,203.0
20015,203.0
20065,193.0
20079,193.0
22413,232.0
22417,234.0
22422,230.0
22432,232.0
22501,232.0
22510,230.0
22589,232.0
22598,230.0
22685,234.0
22689,234.0
22717,232.0
22729,232.0
23223,211.0
23227,213.0
23231,216.0
23236,208.0
23246,211.0
23256,214.0
23397,190.0
23401,192.0
23405,195.0
23409,198.0
23415,200.0
23421,203.0
23428,187.0
23437,190.0
23446,193.0
23646,211.0
23659,208.0
23820,190.0
23832,198.0
23851,187.0
24069,211.0
24082,208.0
24243,190.0
24255,198.0
24274,187.0
24522,216.0
24524,214.0
24532,216.0
24534,214.0
24758,203.0
24764,203.0
24794,195.0
24796,193.0
24803,195.0
24805,193.0
26310,232.0
26314,234.0
26319,230.0
26329,232.0
26398,232.0
26407,230.0
26486,232.0
26495,230.0
26598,234.0
26600,232.0
26610,234.0
26612,232.0
27078,223.0
27079,221.0
27088,224.0
27089,221.0
27098,226.0
27099,224.0
27252,223.0
27253,221.0
27426,223.0
27427,221.0
27630,226.0
27632,224.0
27640,226.0
27642,224.0
31914,206.0
31917,208.0
31920,211.0
31923,195.0
31924,198.0
31927,198.0
31928,200.0
31931,200.0
31932,203.0
32301,211.0
32316,200.0
32317,203.0
32724,211.0
32739,200.0
32740,203.0
32854,214.0
32958,190.0
32960,192.0
32962,195.0
32964,198.0
32974,200.0
32984,203.0
32994,187.0
33006,190.0
33018,193.0
34250,214.0
34392,195.0
34424,203.0
34470,193.0
36166,203.0
36216,193.0
36218,195.0
36586,229.0
36588,232.0
36590,234.0
36592,227.0
36600,230.0
36608,232.0
36694,227.0
36796,227.0
36898,234.0
36924,232.0
37300,208.0
37301,211.0
37308,211.0
37309,213.0
37316,214.0
37317,216.0
37444,198.0
37449,200.0
37454,203.0
37459,187.0
37461,190.0
37466,190.0
37468,192.0
37473,193.0
37475,195.0
38404,214.0
38405,216.0
38555,203.0
38581,193.0
38583,195.0
39604,214.0
39605,216.0
39660,203.0
39689,193.0
39691,195.0
39920,227.0
39921,229.0
39928,230.0
39929,232.0
39936,232.0
39937,234.0
40040,227.0
40160,227.0
40304,232.0
40305,234.0
40664,221.0
40665,223.0
40672,221.0
40673,224.0
40680,224.0
40681,226.0
41048,224.0
41049,226.0
41827,140.0
41835,105.0
41836,118.0
41837,143.0
41840,138.0
41848,103.0
41849,103.0
41850,115.0
41851,141.0
41854,149.0
41855,158.0
41860,122.0
41861,150.0
41866,115.0
41867,115.0
41868,129.0
41869,130.0
41870,160.0
41876,114.0
41877,139.0
41890,99.0
41891,99.0
41892,135.0
41893,114.0
41894,139.0
41900,143.0
41901,118.0
41906,127.0
41907,125.0
41910,134.0
41911,132.0
41914,145.0
41915,142.0
41917,150.0
41918,147.0
41919,153.0
41923,126.0
41924,138.0
41925,140.0
41926,153.0
41928,169.0
41929,167.0
41930,165.0
41931,163.0
41933,207.0
41936,216.0
41938,213.0
41939,224.0
41965,134.0
41966,124.0
41976,210.0
41980,110.0
41983,138.0
41984,138.0
41985,144.0
41986,144.0
41988,138.0
41989,144.0
41992,138.0
41993,138.0
41994,144.0
41995,144.0
41998,144.0
41999,250.0
42000,224.0
42001,238.0
42002,202.0
42003,175.0
42004,190.0
42005,202.0
42006,175.0
42007,171.0
42008,190.0
42009,188.0
42010,202.0
42011,175.0
42012,190.0
42013,202.0
42014,175.0
42015,171.0
42016,190.0
42017,188.0
42021,202.0
42022,175.0
42023,190.0
42029,202.0
42030,175.0
42031,171.0
42032,190.0
42033,188.0
42034,202.0
42035,175.0
42037,202.0
42038,175.0
42039,171.0
42042,202.0
42043,202.0
42044,202.0
42045,187.0
42046,202.0
42047,187.0
42048,190.0
42049,190.0
42050,188.0
42051,202.0
42052,175.0
42053,190.0
42054,202.0
42055,175.0
42056,171.0
42057,190.0
42058,188.0
42061,190.0
42065,190.0
42066,188.0
42067,202.0
42068,175.0
42069,190.0
42070,202.0
42071,175.0
42072,171.0
42073,190.0
42074,188.0
42075,202.0
42076,175.0
42077,190.0
42078,202.0
42079,175.0
42080,171.0
42081,190.0
42082,188.0
42089,129.0
42090,132.0
42091,122.0
42092,159.0
42097,179.0
42098,163.0
42099,180.0
42102,155.0
42103,159.0
42104,119.0
42105,129.0
42106,123.0
42107,133.0
42108,135.0
42109,145.0
42110,139.0
42111,149.0
42112,168.0
42113,168.0
42114,188.0
42115,159.0
42136,170.0
42138,160.0
42139,170.0
42140,211.0
42155,114.0
42156,114.0
42157,116.0
42158,114.0
42159,116.0
42160,114.0
42161,116.0
42162,114.0
42163,116.0
42164,149.0
42165,149.0
42166,150.0
42167,149.0
42168,150.0
42169,127.0
42170,129.0
42171,127.0
42172,129.0
42173,127.0
42174,129.0
42185,120.0
42186,120.0
42187,124.0
42188,105.0
42189,105.0
42190,114.0
42191,118.0
42192,118.0
42193,154.0
42194,158.0
42195,154.0
42196,124.0
42197,128.0
42198,124.0
42199,128.0
42200,124.0
42216,119.0
42217,119.0
42218,123.0
42219,119.0
42220,123.0
42221,99.0
42222,110.0
42224,110.0
42226,154.0
42227,158.0
42228,154.0
42229,158.0
42230,119.0
42231,123.0
42232,119.0
42233,123.0
42234,123.0
42239,99.0
42261,119.0
42269,163.0
42270,163.0
42271,138.0
42272,139.0
42273,139.0
42274,138.0
42276,138.0
42278,141.0
42318,110.0
42323,115.0
42327,88.0
42368,112.0
42383,100.0
42384,102.0
42387,88.0
42402,149.0
42406,112.0
42410,147.0
42412,155.0
42415,129.0
42417,169.0
42420,144.0
42428,112.0
42431,144.0
42435,112.0
42452,169.0
42455,149.0
42459,155.0
42466,169.0
42469,146.0
42482,119.0
42485,149.0
42489,119.0
42496,155.0
42501,119.0
42508,175.0
42512,149.0
42515,158.0
42520,134.0
42524,174.0
42528,149.0
42534,124.0
42539,109.0
42553,139.0
42561,139.0
42600,160.0
42613,129.0
42615,120.0
42617,139.0
42619,175.0
42621,175.0
42622,171.0
42625,175.0
42628,171.0
42629,175.0
42636,175.0
42638,171.0
42640,171.0
42649,134.0
42650,134.0
42651,134.0
42652,119.0
42653,119.0
42655,119.0
42656,154.0
42657,139.0
42658,154.0
42659,139.0
42660,154.0
42661,139.0
42662,154.0
42663,134.0
42664,134.0
42666,134.0
42667,149.0
42669,149.0
42670,149.0
42678,139.0
42679,154.0
42689,134.0
42701,134.0
42706,104.0
42707,105.0
42708,103.0
42709,98.0
42711,110.0
42716,127.0
42717,124.0
42718,110.0
42721,110.0
42724,119.0
42725,124.0
42729,98.0
42730,90.0
42731,98.0
42732,99.0
42737,87.0
42738,98.0
42739,90.0
42740,98.0
42741,99.0
42747,127.0
42748,110.0
42749,125.0
42750,112.0
42751,139.0
42752,159.0
42759,123.0
42760,149.0
42761,172.0
42767,100.0
42768,108.0
42769,105.0
42770,95.0
42771,134.0
42772,129.0
42773,164.0
42774,110.0
42775,119.0
42778,124.0
42779,120.0
42780,119.0
42781,139.0
42782,146.0
42783,129.0
42788,135.0
42789,128.0
42790,109.0
42791,124.0
42792,117.0
42793,140.0
42794,138.0
42795,164.0
42801,135.0
42802,132.0
42803,113.0
42804,128.0
42805,126.0
42806,145.0
42807,142.0
42808,164.0
42809,150.0
42813,104.0
42814,114.0
42816,119.0
42817,129.0
42818,149.0
42819,154.0
42823,105.0
42824,115.0
42825,125.0
42826,130.0
42827,150.0
42829,155.0
42830,155.0
42831,189.0
42832,119.0
42834,187.0
42835,184.0
42836,179.0
42837,192.0
42838,184.0
42839,184.0
42840,179.0
42841,172.0
42842,172.0
42843,199.0
42844,179.0
42845,172.0
42846,172.0
42847,199.0
42851,134.0
42852,135.0
42853,135.0
42854,123.0
42855,120.0
42856,144.0
42857,144.0
42861,139.0
42910,189.0
42911,218.0
42941,172.0
42942,167.0
42954,95.0
42955,95.0
42961,83.0
42962,90.0
42963,95.0
42967,90.0
42968,83.0
42970,99.0
42973,150.0
42974,150.0
42975,150.0
42976,150.0
42977,150.0
42978,169.0
42979,150.0
42980,169.0
42982,129.0
42983,135.0
42984,143.0
42987,129.0
42988,137.0
42990,112.0
42991,112.0
42992,147.0
42994,166.0
42995,166.0
42997,184.0
42998,109.0
42999,126.0
43000,118.0
43001,150.0
43002,126.0
43003,118.0
43004,144.0
43008,109.0
43009,118.0
43010,144.0
43011,185.0
43012,126.0
43013,150.0
43014,112.0
43015,126.0
43016,120.0
43017,150.0
43018,126.0
43019,120.0
43020,145.0
43024,170.0
43025,140.0
43026,188.0
43027,104.0
43028,110.0
43030,90.0
43032,104.0
43034,145.0
43035,104.0
43036,110.0
43038,90.0
43040,104.0
43044,145.0
43045,115.0
43046,124.0
43047,115.0
43050,123.0
43051,104.0
43052,110.0
43054,90.0
43056,104.0
43058,109.0
43059,145.0
43060,124.0
43061,124.0
43062,124.0
43063,124.0
43064,179.0
43065,179.0
43066,179.0
43068,105.0
43069,105.0
43070,105.0
43071,105.0
43074,127.0
43075,128.0
43076,128.0
43077,128.0
43080,114.0
43081,114.0
43082,114.0
43083,120.0
43084,120.0
43085,175.0
43086,175.0
43087,171.0
43088,175.0
43089,175.0
43090,171.0
43091,175.0
43092,175.0
43093,171.0
43094,190.0
43095,190.0
43096,188.0
43097,175.0
43098,171.0
43103,85.0
43104,85.0
43111,137.0
43112,137.0
43113,137.0
43114,137.0
43115,140.0
43143,149.0
43144,143.0
43145,149.0
43146,146.0
43147,158.0
43148,162.0
43149,143.0
43150,146.0
43151,154.0
43152,152.0
43153,154.0
43154,152.0
43159,129.0
43160,119.0
43162,129.0
43163,129.0
43164,119.0
43166,129.0
43167,155.0
43170,142.0
43172,129.0
43173,117.0
43174,129.0
43175,117.0
43178,142.0
43180,119.0
43181,132.0
43182,119.0
43183,109.0
43184,109.0
43188,119.0
43189,89.0
43190,99.0
43197,109.0
43198,109.0
43202,99.0
43203,89.0
43213,116.0
43214,106.0
43215,108.0
43216,99.0
43218,109.0
43226,117.0
43227,106.0
43228,108.0
43229,99.0
43231,109.0
43240,114.0
43241,106.0
43242,104.0
43256,109.0
43258,109.0
43262,109.0
43269,89.0
43270,89.0
43273,109.0
43274,109.0
43277,109.0
43281,89.0
43298,99.0
43301,123.0
43302,123.0
43305,119.0
43306,119.0
43307,119.0
43336,159.0
43337,159.0
43338,159.0
43341,149.0
43342,149.0
43343,149.0
43346,138.0
43350,126.0
43367,107.0
43370,123.0
43371,123.0
43374,119.0
43375,119.0
43376,119.0
43380,141.0
43381,141.0
43409,159.0
43410,159.0
43411,159.0
43414,149.0
43415,149.0
43416,149.0
43419,143.0
43423,129.0
43427,156.0
43428,156.0
43430,148.0
43431,148.0
43432,148.0
43434,162.0
43437,155.0
43438,155.0
43445,119.0
43446,106.0
43447,102.0
43448,99.0
43450,106.0
43451,104.0
43455,124.0
43461,124.0
43484,109.0
43487,119.0
43496,114.0
43498,130.0
43512,154.0
43516,143.0
43517,128.0
43521,162.0
43523,157.0
43526,149.0
43530,163.0
43539,114.0
43541,133.0
43554,158.0
43555,154.0
43559,145.0
43560,128.0
43564,166.0
43566,159.0
43570,151.0
43574,165.0
43578,119.0
43594,140.0
43595,140.0
43599,134.0
43600,169.0
43603,157.0
43606,159.0
43609,155.0
43612,86.0
43613,87.0
43636,86.0
43637,87.0
43664,157.0
43665,147.0
43666,169.0
43667,199.0
43668,157.0
43669,196.0
43670,206.0
43671,199.0
43672,212.0
43677,158.0
43678,155.0
43681,156.0
43682,156.0
43687,153.0
43690,156.0
43691,155.0
43693,113.0
43694,115.0
43699,146.0
43702,174.0
43703,174.0
43711,109.0
43718,101.0
43720,109.0
43726,101.0
43729,128.0
43730,139.0
43733,112.0
43734,115.0
43735,109.0
43736,99.0
43745,119.0
43748,120.0
43751,165.0
43752,167.0
43753,143.0
43755,145.0
43756,170.0
43757,173.0
43758,147.0
43760,149.0
43775,213.0
43776,217.0
43778,209.0
43779,214.0
43781,250.0
43790,127.0
43793,147.0
43794,149.0
43798,173.0
43799,176.0
43809,129.0
43813,169.0
43819,113.0
43821,115.0
43834,104.0
43835,103.0
43836,104.0
43837,108.0
43860,149.0
43862,152.0
43864,152.0
43866,134.0
43867,136.0
43868,136.0
43872,139.0
43873,142.0
43874,142.0
43875,149.0
43878,152.0
43881,152.0
43896,139.0
43897,142.0
43898,139.0
43899,149.0
43902,152.0
43905,149.0
43908,139.0
43909,142.0
43910,139.0
43911,149.0
43914,152.0
43917,149.0
43920,149.0
43922,149.0
43924,149.0
43928,149.0
43930,149.0
43932,134.0
43933,136.0
43934,134.0
43939,136.0
43940,134.0
43950,152.0
43952,142.0
43967,152.0
43969,142.0
43979,149.0
43989,149.0
43999,136.0
44006,136.0
44009,139.0
44010,139.0
44011,149.0
44014,149.0
44022,149.0
44024,139.0
44116,155.0
44117,155.0
44118,155.0
44119,166.0
44122,166.0
44125,166.0
44128,158.0
44130,161.0
44132,161.0
44134,147.0
44135,149.0
44136,149.0
44140,152.0
44141,155.0
44142,155.0
44143,164.0
44146,166.0
44149,166.0
44152,158.0
44154,161.0
44156,158.0
44158,147.0
44159,149.0
44160,147.0
44170,166.0
44172,155.0
44182,155.0
44183,155.0
44187,166.0
44189,155.0
44190,166.0
44193,166.0
44198,161.0
44207,161.0
44209,161.0
44211,158.0
44217,149.0
44221,149.0
44222,147.0
44224,149.0
44227,174.0
44229,177.0
44231,177.0
44233,174.0
44235,177.0
44237,177.0
44240,174.0
44243,171.0
44245,174.0
44247,174.0
44249,171.0
44252,171.0
44254,171.0
44257,171.0
44260,166.0
44262,166.0
44264,166.0
44266,166.0
44268,166.0
44271,166.0
44277,166.0
44501,184.0
44502,198.0
44503,189.0
44504,206.0
44505,184.0
44506,203.0
44507,193.0
44508,193.0
44509,206.0
44510,206.0
44511,184.0
44512,184.0
44513,179.0
44514,179.0
44515,198.0
44516,198.0
44517,199.0
44518,192.0
44519,199.0
44520,192.0
44521,219.0
44522,208.0
44523,219.0
44524,208.0
44527,124.0
44528,119.0
44531,140.0
44532,129.0
44533,199.0
44534,199.0
44535,189.0
44536,199.0
44537,199.0
44538,199.0
44539,199.0
44540,199.0
44541,189.0
44542,189.0
44545,139.0
44546,125.0
44548,118.0
44549,107.0
44550,99.0
44553,114.0
44554,134.0
44557,125.0
44562,134.0
44563,119.0
44568,119.0
44569,113.0
44570,109.0
44571,143.0
44573,139.0
44574,128.0
44577,125.0
44578,115.0
44579,114.0
44581,144.0
44582,132.0
44585,102.0
44586,99.0
44588,117.0
44589,106.0
44590,122.0
44592,113.0
44593,109.0
44596,193.0
44598,184.0
44599,199.0
44601,199.0
44602,179.0
44606,198.0
44608,195.0
44609,199.0
44610,214.0
44611,203.0
44613,187.0
44614,214.0
44615,203.0
44616,193.0
44617,198.0
44618,184.0
44619,206.0
44620,179.0
44622,184.0
44623,184.0
44624,203.0
44626,189.0
44628,203.0
44629,189.0
44630,206.0
44631,206.0
44633,199.0
44634,192.0
44635,199.0
44636,192.0
44637,219.0
44638,208.0
44639,219.0
44641,208.0
44645,120.0
44646,109.0
44647,114.0
44648,135.0
44649,119.0
44650,137.0
44651,136.0
44652,120.0
44653,147.0
44656,113.0
44657,116.0
44658,135.0
44659,120.0
44660,135.0
44661,139.0
44662,150.0
44663,136.0
44664,123.0
44665,149.0
44666,155.0
44668,120.0
44669,134.0
44670,137.0
44671,125.0
44672,149.0
44676,224.0
44677,224.0
44679,112.0
44680,96.0
44681,109.0
44682,109.0
44685,88.0
44686,99.0
44699,144.0
44700,134.0
44701,139.0
44702,127.0
44703,149.0
44704,143.0
44705,158.0
44706,143.0
44707,154.0
44708,152.0
44712,139.0
44713,158.0
44714,150.0
44715,139.0
44716,159.0
44717,151.0
44719,184.0
44720,239.0
44721,189.0
44722,193.0
44724,134.0
44725,132.0
44726,119.0
44727,134.0
44728,119.0
44729,121.0
44731,149.0
44732,135.0
44733,139.0
44734,125.0
44735,150.0
44744,126.0
44745,114.0
44751,154.0
44752,166.0
44753,119.0
44754,114.0
44755,114.0
44756,126.0
44757,114.0
44760,159.0
44761,167.0
44762,132.0
44764,132.0
44765,114.0
44769,159.0
44770,167.0
44771,120.0
44772,132.0
44773,114.0
44780,136.0
44781,114.0
44782,136.0
44783,114.0
44785,96.0
44786,105.0
44789,88.0
44790,102.0
44796,137.0
44797,117.0
44798,137.0
44799,117.0
44802,99.0
44803,108.0
44804,129.0
44805,119.0
44811,162.0
44812,169.0
44813,120.0
44814,119.0
44815,119.0
44816,169.0
44817,129.0
44818,119.0
44821,134.0
44822,119.0
44826,164.0
44827,175.0
44828,126.0
44829,175.0
44830,134.0
44831,119.0
44833,159.0
44834,139.0
44836,169.0
44837,139.0
44838,169.0
44839,139.0
44840,159.0
44841,139.0
44843,169.0
44844,139.0
44845,169.0
44846,139.0
44847,154.0
44848,139.0
