,Cat_CO2
0,E
1,C
2,C
4,C
6,E
7,C
8,C
10,D
12,G
14,E
16,D
18,D
20,D
27,C
31,C
38,E
40,B
42,B
44,C
47,D
49,C
51,C
53,B
55,C
57,B
61,B
63,D
67,B
69,B
71,C
72,C
74,C
76,C
78,B
80,C
82,A
86,A
90,A
92,C
94,C
96,A
98,A
100,E
101,D
102,D
103,B
107,G
111,G
119,G
121,G
125,G
127,G
129,G
131,G
133,G
135,G
137,G
139,G
141,G
143,G
147,G
163,G
181,C
182,C
184,B
185,A
186,A
187,B
188,B
189,B
190,B
191,C
192,C
193,C
194,B
195,A
196,A
197,B
198,B
199,B
200,B
201,E
202,C
203,B
204,C
205,E
206,E
207,D
208,D
209,C
210,B
211,C
212,C
213,D
214,D
215,E
216,B
217,B
218,B
219,A
220,B
221,B
222,B
223,B
224,B
225,C
226,C
227,B
228,A
229,B
230,B
231,B
232,B
233,B
234,B
235,C
237,D
238,D
239,F
241,C
242,D
243,C
244,E
245,B
246,C
247,D
249,C
250,E
251,D
252,D
253,D
255,D
256,D
258,B
259,C
260,C
261,E
262,B
263,B
264,D
266,C
267,E
268,D
269,F
271,B
272,C
273,C
274,E
275,D
277,C
278,E
279,F
281,C
282,D
283,E
285,E
286,D
288,B
289,C
290,C
291,E
292,D
294,C
295,E
298,D
299,D
300,F
302,C
304,C
305,E
306,E
308,E
309,E
310,D
311,D
313,C
314,F
315,E
316,E
317,F
318,E
319,D
321,D
322,D
323,F
325,C
327,C
328,E
329,E
331,E
332,E
333,D
334,D
336,C
337,D
338,F
339,E
340,E
341,E
343,E
344,D
345,D
347,F
350,E
351,E
352,G
353,F
354,F
355,D
356,E
357,E
358,E
359,F
360,F
361,F
362,D
363,E
364,E
365,C
366,D
367,D
368,D
369,D
370,D
371,E
373,E
374,E
375,D
376,E
377,C
378,D
379,E
380,E
381,E
382,F
383,E
384,F
385,F
386,E
387,G
388,G
389,G
390,G
391,G
392,G
393,G
394,G
395,G
396,G
397,D
398,D
399,E
400,E
401,E
402,F
403,E
404,F
405,E
406,D
407,E
408,D
409,C
410,D
411,D
412,E
413,E
414,E
415,F
416,E
417,F
418,E
419,D
420,E
421,D
422,D
423,G
425,G
427,F
429,G
431,G
433,G
435,G
437,G
439,G
441,G
443,G
445,B
446,C
447,C
448,B
449,D
450,D
451,B
452,C
453,C
454,D
455,D
456,B
457,B
458,D
459,E
460,C
461,D
462,B
463,C
464,C
465,C
466,B
467,C
468,D
469,D
471,C
472,B
473,B
474,D
475,D
476,D
477,E
478,C
479,D
480,C
481,C
482,B
483,C
484,C
485,C
486,D
487,D
488,C
489,C
490,C
491,C
492,B
493,B
494,B
495,C
496,C
497,C
498,C
499,D
500,C
501,D
502,C
503,D
504,E
505,E
506,E
507,E
508,A
509,E
510,E
511,E
512,E
513,E
514,E
515,E
516,E
517,E
518,E
519,C
520,D
521,C
522,D
523,B
524,C
525,B
526,C
528,C
529,C
530,C
531,C
532,B
533,B
534,B
535,B
536,C
537,C
538,B
539,C
540,B
541,C
542,B
543,C
544,D
545,D
546,B
547,D
548,B
549,B
550,B
551,B
552,D
553,D
554,C
555,C
556,C
557,C
558,D
559,E
560,C
561,D
562,D
563,D
564,C
565,D
566,C
567,C
568,D
569,D
570,D
571,D
572,D
573,D
574,D
575,D
576,C
577,C
578,C
579,C
580,B
581,B
582,D
583,E
584,C
585,D
586,C
587,D
588,B
589,C
590,D
591,D
592,D
593,D
594,D
595,D
596,D
597,B
598,B
599,B
600,B
601,C
602,C
603,C
604,C
605,B
606,B
607,C
608,E
609,E
610,D
611,E
612,E
613,E
614,E
615,E
616,D
617,D
618,C
619,E
620,E
621,E
622,E
623,D
624,E
625,C
626,E
627,E
628,D
629,D
630,D
631,D
632,E
633,E
634,E
635,E
636,E
637,E
638,E
639,E
640,E
641,E
642,D
643,E
644,D
645,E
646,E
647,E
648,E
649,E
650,E
651,D
652,E
653,C
654,F
655,F
656,F
657,F
658,E
659,E
660,E
661,E
662,E
663,E
664,F
665,F
666,E
667,F
668,E
669,E
670,E
671,E
672,E
673,C
674,C
675,C
676,C
677,C
678,C
679,D
680,D
681,E
682,E
683,E
684,E
685,C
686,C
687,C
688,C
689,C
690,C
691,B
692,D
693,D
694,D
695,D
696,E
697,E
698,C
699,C
700,C
701,D
702,C
703,D
704,D
705,D
706,D
707,D
708,C
709,C
710,C
711,C
712,C
713,C
714,C
715,C
716,C
717,D
718,E
719,E
720,E
721,E
722,E
723,E
724,E
725,E
726,D
727,D
728,D
729,D
730,E
731,E
732,E
733,E
734,E
735,D
736,D
737,D
738,E
739,E
740,E
741,E
742,E
743,E
744,D
745,D
746,D
747,D
748,D
749,E
750,D
751,D
752,D
753,C
754,D
755,D
756,D
757,D
758,D
759,E
760,E
761,E
762,E
763,E
764,E
765,E
766,E
767,E
768,D
769,E
770,E
771,E
772,E
773,E
774,E
775,E
776,E
777,E
778,D
779,D
780,E
781,D
782,D
783,D
784,E
785,E
786,E
787,E
788,E
789,E
790,E
791,E
792,E
793,D
794,D
795,D
796,D
797,D
798,D
799,F
800,E
801,F
802,E
803,E
804,D
805,F
806,G
807,E
808,F
809,F
810,G
811,G
812,E
813,F
814,G
815,F
816,G
817,D
818,D
819,D
820,E
822,E
823,E
824,E
825,E
826,E
827,E
828,E
829,D
830,D
831,D
832,E
834,E
835,D
836,D
837,D
838,D
839,D
840,D
841,D
842,D
843,D
844,E
846,E
847,E
848,F
849,F
850,F
851,F
852,F
853,G
854,G
855,F
856,F
857,G
858,G
859,F
860,F
861,E
862,F
863,F
864,F
865,F
866,F
867,E
868,E
869,D
870,D
871,D
872,F
873,F
874,E
875,E
876,E
877,D
878,D
879,E
880,G
881,G
882,G
883,G
884,E
885,F
886,E
887,E
888,E
889,F
890,G
891,G
894,G
895,G
896,G
898,G
899,F
900,F
909,E
910,E
911,E
912,E
913,E
914,E
915,D
916,D
917,E
918,E
919,D
920,C
921,D
922,C
923,C
924,C
925,C
926,C
927,E
928,D
929,E
930,D
931,E
932,D
933,D
934,D
935,D
936,D
937,C
938,B
939,E
940,E
941,F
942,F
943,D
944,C
945,D
946,D
947,D
948,E
949,G
950,F
951,G
952,E
953,E
954,E
960,F
961,D
962,D
963,D
964,D
965,D
966,D
967,F
968,F
969,F
970,E
974,E
977,E
986,F
987,F
988,F
989,F
990,F
991,G
992,G
993,G
994,G
995,F
996,G
997,G
998,G
999,G
1000,G
1001,G
1002,G
1003,G
1006,G
1012,G
1014,C
1015,C
1016,D
1017,C
1018,A
1019,A
1020,C
1021,C
1022,D
1023,C
1024,A
1025,A
1026,G
1027,G
1028,G
1029,G
1030,E
1031,E
1032,F
1033,E
1034,G
1036,G
1037,G
1038,G
1039,G
1040,G
1041,G
1042,G
1043,G
1044,G
1045,G
1046,G
1047,D
1048,E
1049,C
1050,B
1051,C
1052,D
1053,E
1054,C
1055,B
1056,D
1057,E
1058,C
1059,B
1060,C
1061,D
1062,C
1063,E
1064,E
1065,C
1066,C
1067,D
1068,B
1069,B
1070,D
1071,D
1072,E
1073,C
1074,B
1075,C
1077,D
1078,E
1079,C
1080,C
1081,C
1082,C
1083,B
1084,D
1085,D
1087,B
1088,B
1089,A
1090,B
1091,B
1092,A
1093,C
1094,C
1095,D
1096,D
1097,C
1098,C
1099,C
1100,C
1101,A
1102,A
1103,A
1104,B
1105,B
1106,B
1107,A
1108,B
1109,B
1110,A
1111,A
1112,A
1113,A
1114,A
1115,B
1116,B
1117,B
1118,B
1119,A
1120,D
1121,D
1122,C
1123,C
1124,D
1125,C
1126,C
1127,B
1128,B
1129,B
1130,B
1131,B
1132,D
1133,D
1134,E
1135,D
1136,D
1137,D
1138,D
1139,C
1140,A
1141,A
1142,A
1143,A
1144,A
1145,B
1146,B
1147,B
1148,B
1149,C
1150,C
1151,D
1152,D
1153,B
1154,C
1155,C
1156,C
1157,D
1158,D
1159,C
1160,B
1161,B
1162,B
1163,B
1164,A
1165,C
1166,C
1167,C
1168,C
1169,C
1170,B
1171,C
1172,C
1173,C
1174,C
1175,C
1176,C
1177,E
1178,D
1179,C
1180,C
1181,C
1182,C
1183,C
1184,B
1185,C
1186,C
1187,D
1188,D
1189,D
1190,E
1191,B
1192,C
1193,C
1194,C
1195,E
1196,E
1197,D
1198,D
1199,D
1200,E
1201,B
1202,C
1203,C
1204,C
1205,E
1206,E
1207,D
1208,D
1209,E
1210,D
1211,C
1212,C
1213,D
1214,D
1215,C
1216,C
1217,C
1218,C
1219,C
1220,B
1221,B
1222,B
1223,A
1224,A
1225,A
1226,A
1227,A
1228,A
1229,B
1230,B
1231,B
1232,C
1233,D
1234,C
1235,A
1236,B
1237,B
1238,E
1239,D
1240,D
1241,C
1242,B
1243,B
1244,B
1245,B
1246,C
1247,D
1248,D
1249,E
1250,E
1251,B
1254,C
1255,C
1257,D
1258,D
1259,E
1260,E
1261,E
1262,E
1263,E
1264,E
1265,E
1266,E
1267,E
1268,E
1269,E
1270,E
1271,E
1272,E
1273,E
1274,E
1275,E
1276,E
1277,E
1278,E
1279,B
1280,B
1281,B
1282,D
1283,D
1284,C
1285,E
1286,B
1287,B
1296,C
1297,C
1298,C
1299,C
1300,C
1301,E
1302,B
1303,C
1304,E
1305,B
1306,B
1307,B
1308,A
1309,B
1310,C
1311,A
1312,A
1313,B
1314,C
1315,C
1316,A
1317,B
1326,D
1327,C
1328,C
1329,D
1330,D
1332,C
1333,C
1334,B
1336,F
1337,E
1338,E
1339,E
1340,E
1341,E
1342,E
1343,E
1344,E
1345,E
1346,E
1347,E
1348,F
1349,F
1363,E
1365,E
1366,G
1367,G
1370,G
1371,G
1374,G
1375,G
1378,G
1379,G
1382,G
1383,G
1384,G
1385,G
1387,B
1388,B
1390,B
1391,B
1393,B
1396,B
1400,B
1420,B
1421,B
1422,C
1423,C
1424,C
1426,C
1427,C
1429,D
1431,C
1434,C
1436,D
1437,D
1438,B
1440,A
1441,A
1442,A
1443,A
1445,A
1446,A
1447,A
1448,A
1449,A
1450,B
1451,B
1453,B
1455,B
1457,B
1458,B
1459,B
1460,C
1461,C
1463,C
1464,C
1466,D
1467,C
1470,C
1472,B
1474,A
1475,A
1476,A
1477,A
1479,A
1480,B
1482,B
1484,B
1485,B
1489,B
1491,B
1493,D
1495,D
1496,B
1500,B
1506,B
1508,B
1510,C
1513,D
1530,D
1532,C
1536,B
1537,B
1541,C
1545,C
1546,C
1547,C
1551,C
1553,C
1555,C
1557,E
1559,E
1560,E
1562,E
1563,E
1564,C
1565,C
1568,D
1569,D
1570,D
1571,D
1572,D
1575,D
1576,D
1577,E
1626,E
1628,C
1629,C
1630,D
1631,C
1632,C
1633,D
1636,D
1637,D
1638,D
1644,D
1645,D
1646,E
1647,E
1649,E
1651,E
1653,E
1659,E
1661,E
1666,E
1668,E
1670,E
1672,E
1676,E
1678,E
1682,F
1684,E
1686,F
1688,E
1690,E
1692,E
1696,E
1698,E
1699,E
1700,E
1702,E
1704,E
1706,E
1707,E
1712,E
1715,E
1716,E
1718,E
1722,E
1724,E
1725,E
1727,E
1729,E
1730,E
1734,E
1736,E
1737,E
1741,E
1747,F
1749,F
1750,F
1752,F
1754,E
1756,E
1757,E
1759,E
1760,E
1762,E
1765,E
1766,E
1767,E
1769,E
1786,B
1788,B
1789,B
1790,B
1791,D
1792,E
1793,E
1794,E
1795,E
1796,E
1797,G
1798,G
1799,B
1801,C
1802,C
1820,B
1902,B
1904,A
1906,B
1908,B
1910,B
1912,C
1914,C
1931,C
1932,B
1934,B
1935,C
1936,A
1937,C
1939,A
1940,C
1957,C
1958,B
1960,B
1961,C
1962,A
1963,C
1965,A
1966,E
1968,E
1970,E
1972,E
1974,E
1976,E
1978,E
1979,D
1980,D
1981,D
1986,C
1988,C
1989,D
1991,D
1992,C
1994,D
1995,B
1996,C
1997,B
1998,B
1999,D
2000,D
2001,B
2002,B
2003,B
2004,B
2005,B
2006,B
2007,C
2008,D
2009,D
2010,C
2011,D
2012,C
2013,C
2014,C
2015,A
2017,A
2018,A
2019,A
2020,A
2021,A
2022,B
2023,B
2024,B
2025,B
2026,A
2027,A
2028,A
2030,A
2031,A
2032,A
2033,C
2034,C
2035,C
2036,C
2037,C
2038,C
2039,B
2040,B
2041,B
2042,B
2043,B
2044,B
2045,A
2046,A
2047,A
2048,A
2049,A
2050,A
2051,D
2052,D
2053,D
2054,E
2055,E
2056,B
2057,B
2058,B
2059,B
2060,B
2061,B
2062,C
2063,C
2064,C
2065,C
2066,C
2067,C
2068,C
2069,C
2070,C
2071,C
2072,C
2073,C
2074,C
2075,C
2076,C
2077,C
2078,C
2079,C
2080,E
2081,E
2082,E
2083,C
2084,E
2085,C
2086,D
2087,C
2088,D
2089,D
2091,D
2093,B
2095,B
2097,C
2099,B
2101,C
2103,B
2105,C
2106,D
2109,D
2111,C
2112,D
2115,B
2116,B
2117,D
2118,E
2119,D
2120,E
2121,C
2122,D
2123,E
2124,D
2126,D
2127,E
2129,E
2130,B
2132,B
2133,C
2135,C
2136,E
2138,E
2139,D
2141,D
2142,B
2144,B
2145,D
2147,D
2148,B
2150,B
2151,D
2152,E
2153,E
2154,C
2155,E
2156,E
2157,C
2158,D
2159,C
2160,D
2161,E
2162,E
2163,E
2164,E
2165,E
2167,E
2168,E
2169,E
2171,E
2172,E
2173,E
2175,E
2176,E
2177,E
2179,E
2180,E
2181,E
2183,E
2184,E
2185,E
2188,E
2189,E
2190,E
2191,E
2194,E
2195,E
2197,E
2200,E
2201,F
2202,E
2203,E
2206,E
2207,F
2208,E
2209,E
2212,E
2213,E
2217,E
2220,E
2221,E
2224,E
2225,E
2226,E
2227,E
2228,E
2229,F
2230,E
2231,F
2232,E
2233,E
2234,E
2235,E
2236,E
2237,E
2238,E
2239,E
2240,E
2241,E
2242,E
2244,E
2245,E
2247,E
2248,F
2250,E
2251,E
2252,E
2253,F
2254,E
2255,E
2256,E
2257,E
2258,E
2259,E
2261,E
2262,E
2264,E
2265,E
2266,E
2267,E
2268,E
2269,E
2270,E
2272,E
2273,F
2274,E
2275,E
2276,E
2277,E
2278,E
2279,F
2280,E
2281,F
2282,E
2283,E
2284,E
2285,E
2286,E
2287,F
2288,E
2289,F
2290,E
2291,C
2292,E
2293,D
2295,D
2296,D
2298,E
2299,D
2300,E
2301,D
2302,D
2304,E
2306,C
2307,C
2308,C
2309,C
2310,D
2311,D
2312,D
2313,B
2314,B
2315,E
2316,E
2317,E
2318,E
2319,E
2320,E
2321,D
2322,D
2323,E
2324,E
2330,C
2331,C
2332,C
2341,F
2342,B
2343,C
2344,B
2345,C
2346,A
2347,A
2348,B
2349,B
2350,B
2351,B
2352,C
2353,B
2354,D
2356,A
2357,A
2359,D
2360,D
2361,B
2362,B
2363,B
2364,D
2365,C
2366,C
2367,B
2368,D
2369,D
2370,C
2371,C
2372,B
2373,D
2374,B
2375,B
2376,C
2377,B
2378,C
2379,D
2380,E
2381,D
2382,C
2383,D
2384,C
2385,D
2386,E
2387,D
2388,D
2389,E
2390,D
2391,D
2392,D
2393,F
2394,G
2395,G
2396,G
2397,G
2398,G
2399,F
2402,F
2403,F
2404,F
2405,F
2406,F
2407,G
2408,F
2409,F
2410,F
2411,F
2412,G
2413,G
2414,F
2415,F
2416,E
2417,E
2419,F
2420,F
2421,F
2422,G
2423,G
2425,G
2426,G
2427,D
2428,D
2429,C
2430,C
2431,C
2432,C
2433,F
2434,F
2435,F
2436,C
2437,C
2438,C
2439,C
2440,E
2441,E
2442,G
2443,G
2447,E
2448,D
2450,F
2451,F
2452,F
2453,F
2454,G
2456,G
2457,G
2459,G
2460,G
2461,G
2462,G
2464,F
2467,F
2470,E
2471,E
2472,D
2473,E
2474,F
2475,G
2477,G
2483,E
2484,E
2487,F
2488,F
2491,D
2493,E
2495,C
2497,D
2499,E
2501,E
2503,D
2504,E
2505,C
2506,D
2507,E
2508,E
2509,G
2510,G
2511,F
2512,F
2513,E
2514,E
2515,E
2516,E
2517,E
2519,E
2524,E
2526,E
2528,G
2529,G
2531,F
2532,F
2535,G
2539,E
2541,G
2549,E
2551,F
2555,F
2557,F
2561,G
2562,G
2572,F
2573,E
2577,F
2578,F
2584,G
2585,G
2591,C
2592,D
2593,C
2594,C
2595,D
2596,D
2597,C
2598,D
2599,C
2600,C
2601,D
2602,D
2603,B
2604,C
2605,B
2606,D
2608,B
2609,B
2610,C
2611,C
2612,C
2614,C
2615,B
2616,D
2617,B
2618,D
2619,B
2620,D
2621,C
2622,C
2623,D
2624,C
2626,A
2627,A
2628,C
2629,B
2630,B
2631,A
2632,A
2633,A
2634,A
2636,B
2637,B
2638,B
2639,B
2640,D
2641,C
2642,C
2643,B
2644,B
2645,D
2646,D
2647,E
2648,D
2649,D
2650,C
2651,D
2653,E
2654,E
2655,E
2656,D
2657,D
2658,C
2659,D
2660,C
2661,D
2662,D
2663,B
2664,C
2665,C
2667,C
2668,D
2669,F
2678,D
2696,D
2697,D
2698,G
2699,G
2700,G
2701,G
2702,G
2703,G
2704,G
2705,G
2706,G
2707,G
2708,G
2709,G
2710,G
2711,G
2712,G
2713,G
2714,D
2732,B
2733,C
2735,D
2736,C
2738,C
2740,F
2742,C
2743,C
2744,B
2745,B
2746,F
2747,F
2748,F
2749,E
2750,E
2751,E
2752,F
2753,F
2754,G
2755,B
2756,B
2758,A
2759,A
2760,A
2762,A
2763,A
2810,F
2811,F
2812,F
2819,G
2828,D
2834,C
2841,E
2851,F
2858,G
2860,G
2866,G
2868,G
2886,G
2888,F
2890,F
2897,G
2899,G
2921,G
2940,D
2941,E
2944,F
2948,F
2952,F
2956,F
2960,F
2961,F
2966,G
2967,G
2969,G
2970,G
2971,G
2972,G
2973,G
2974,G
2975,G
2977,G
2979,G
2981,G
2983,G
2985,G
2987,C
2988,B
2989,C
2990,D
2991,B
2992,B
2993,B
2994,F
2995,D
2996,E
2997,D
2998,B
2999,D
3000,E
3001,D
3002,C
3003,D
3011,C
3019,D
3027,C
3035,B
3043,C
3051,B
3059,C
3067,B
3075,C
3083,C
3091,C
3099,C
3100,C
3101,D
3102,E
3103,D
3104,C
3105,C
3113,B
3121,C
3129,D
3137,D
3145,C
3153,D
3161,C
3169,D
3177,E
3178,E
3179,E
3180,E
3182,E
3204,G
3206,G
3208,G
3216,G
3218,G
3220,G
3222,F
3226,F
3230,F
3234,F
3238,F
3242,F
3246,F
3250,F
3254,F
3259,F
3266,F
3268,F
3272,F
3280,F
3282,F
3290,F
3302,F
3304,F
3312,F
3314,G
3316,G
3322,F
3324,F
3326,G
3328,E
3330,G
3336,G
3338,G
3346,G
3350,G
3354,B
3356,B
3357,B
3359,B
3380,A
3383,A
3384,B
3386,B
3414,A
3418,C
3419,C
3420,C
3422,C
3438,C
3440,C
3442,C
3446,C
3472,B
3490,B
3493,B
3496,B
3508,B
3511,B
3514,C
3526,C
3527,C
3528,C
3532,C
3534,C
3536,C
3551,B
3552,B
3553,B
3561,D
3562,D
3565,D
3568,D
3571,D
3581,E
3582,E
3585,B
3586,B
3587,B
3590,B
3591,B
3593,B
3595,B
3598,C
3599,B
3600,C
3651,B
3655,B
3659,B
3663,C
3709,B
3710,B
3712,B
3725,C
3727,C
3729,D
3731,D
3753,C
3754,C
3755,C
3756,C
3757,D
3759,D
3760,C
3851,B
3853,B
3854,B
3856,B
3858,B
3861,C
3862,B
3863,C
3881,B
3882,B
3886,B
3890,C
3907,C
3909,D
3911,D
3919,C
3920,C
3921,D
3922,C
3923,D
3924,C
3931,C
3945,C
3983,B
3985,B
3987,B
4003,D
4004,D
4019,C
4021,C
4023,D
4025,D
4027,D
4063,C
4065,C
4067,C
4069,D
4071,D
4107,C
4109,C
4111,C
4113,C
4115,C
4151,C
4153,C
4155,C
4157,C
4159,C
4195,C
4197,C
4199,D
4201,D
4227,C
4229,C
4231,D
4233,D
4259,C
4261,D
4263,D
4265,D
4283,C
4285,D
4287,D
4289,D
4307,C
4309,C
4311,C
4313,D
4331,C
4333,C
4335,C
4337,D
4355,C
4357,C
4359,C
4361,C
4363,C
4399,C
4401,C
4403,C
4405,C
4407,C
4443,D
4444,D
4445,D
4446,E
4455,D
4456,D
4457,D
4458,E
4467,D
4468,D
4469,E
4477,D
4478,D
4479,E
4487,C
4489,C
4491,C
4493,D
4511,C
4513,C
4515,C
4517,D
4535,D
4536,E
4537,E
4538,E
4547,D
4548,D
4549,D
4550,E
4559,B
4562,B
4565,C
4568,C
4577,B
4599,C
4602,C
4605,C
4608,C
4617,B
4639,D
4640,D
4641,D
4642,D
4651,B
4654,C
4657,C
4681,C
4684,C
4687,C
4711,C
4714,C
4717,C
4720,C
4729,B
4751,C
4754,C
4757,C
4760,C
4787,D
4788,D
4789,D
4790,D
4799,C
4802,C
4805,C
4808,C
4835,C
4838,C
4841,C
4844,C
4871,D
4874,D
4877,D
4880,D
4919,D
4920,D
4921,D
4922,E
4931,C
4934,C
4937,D
4967,C
4971,C
4975,C
5015,D
5016,D
5017,E
5027,C
5030,C
5033,C
5036,D
5063,C
5066,C
5069,C
5072,C
5099,D
5102,D
5105,D
5108,D
5147,D
5148,D
5149,D
5150,E
5159,E
5161,E
5175,D
5177,D
5191,D
5193,E
5207,E
5209,E
5223,D
5225,E
5239,E
5240,E
5247,D
5249,E
5263,E
5265,E
5279,G
5283,G
5288,G
5292,G
5295,G
5299,G
5303,B
5304,C
5305,B
5306,B
5307,B
5309,B
5312,C
5314,B
5315,F
5318,F
5321,F
5333,F
5336,F
5339,F
5351,G
5353,G
5355,G
5363,F
5367,F
5371,G
5375,B
5379,C
5381,C
5383,C
5397,C
5399,C
5401,C
5415,C
5417,C
5419,C
5433,B
5435,B
5437,B
5463,B
5464,D
5466,D
5476,C
5479,C
5482,C
5494,D
5495,E
5496,E
5504,E
5506,E
5508,E
5524,E
5526,E
5528,E
5544,D
5546,D
5556,E
5559,E
5562,E
5574,D
5575,D
5576,D
5580,D
5581,E
5582,E
5586,D
5587,D
5589,E
5590,E
5592,E
5604,F
5605,F
5608,F
5610,F
5616,F
5624,F
5626,F
5632,F
5634,F
5636,F
5638,F
5640,F
5642,F
5644,D
5645,D
5646,D
5656,C
5657,C
5658,C
5668,D
5669,E
5670,E
5680,D
5681,D
5682,E
5692,D
5693,D
5706,D
5707,D
5708,D
5720,E
5721,E
5728,D
5729,E
5731,E
5738,D
5739,D
5740,D
5762,C
5763,C
5764,D
5786,C
5788,C
5790,D
5850,C
5851,C
5852,C
5898,C
5900,C
5902,D
5962,C
5963,C
5964,C
6010,E
6012,E
6014,E
6074,D
6076,D
6078,D
6138,D
6139,D
6140,D
6152,C
6153,D
6154,D
6166,C
6168,D
6170,D
6194,C
6195,C
6196,D
6208,C
6210,D
6212,D
6236,C
6237,C
6238,D
6250,E
6252,E
6254,E
6270,E
6286,D
6288,E
6290,E
6314,C
6315,C
6316,C
6326,C
6327,C
6328,C
6338,C
6339,C
6341,D
6348,C
6349,D
6351,D
6358,C
6361,C
6364,C
6385,B
6470,C
6471,C
6498,C
6501,C
6504,C
6606,C
6607,C
6608,C
6634,C
6638,C
6642,D
6690,C
6691,C
6692,C
6704,C
6708,D
6712,D
6760,C
6761,D
6774,C
6775,C
6776,D
6786,C
6787,C
6788,C
6798,B
6799,C
6800,C
6810,C
6811,C
6812,C
6822,B
6823,C
6824,C
6834,D
6835,D
6836,E
6846,D
6847,D
6848,D
6860,C
6861,C
6863,D
6870,C
6871,C
6872,C
6884,C
6885,D
6887,D
6894,C
6895,C
6896,C
6908,D
6909,E
6911,E
6918,C
6919,C
6920,D
6921,D
6938,C
6941,C
6944,C
6998,C
6999,C
7000,C
7018,C
7021,C
7024,C
7078,C
7079,C
7080,C
7098,D
7101,D
7134,D
7135,D
7146,D
7148,D
7150,E
7178,D
7179,D
7180,D
7192,C
7196,C
7200,D
7248,C
7249,C
7250,C
7262,C
7266,D
7270,D
7318,C
7319,D
7320,D
7332,D
7336,E
7372,D
7373,D
7382,D
7384,E
7386,E
7448,E
7449,E
7452,E
7460,D
7461,E
7462,E
7474,E
7475,E
7477,E
7484,E
7485,E
7530,D
7531,D
7542,D
7543,E
7545,E
7573,E
7575,E
7597,D
7598,D
7599,D
7629,E
7630,E
7639,E
7641,E
7643,E
7667,E
7669,E
7687,D
7688,D
7689,E
7690,D
7699,D
7700,D
7701,D
7713,E
7714,E
7717,E
7725,D
7726,E
7727,E
7739,D
7740,D
7741,D
7753,E
7754,E
7756,E
7763,E
7764,E
7777,E
7778,E
7785,D
7786,D
7809,E
7810,E
7813,E
7849,D
7850,D
7851,D
7873,D
7874,E
7888,E
7985,E
7987,E
8033,E
8034,E
8043,E
8044,E
8063,E
8069,E
8071,E
8085,D
8086,D
8087,E
8099,E
8100,E
8105,E
8106,E
8108,E
8187,E
8189,E
8227,E
8228,E
8229,E
8241,E
8242,E
8255,E
8256,E
8267,E
8268,E
8279,E
8280,E
8289,E
8290,F
8299,F
8301,F
8303,F
8307,F
8311,F
8327,F
8335,F
8347,F
8355,F
8359,F
8365,F
8381,F
8397,F
8409,F
8413,F
8421,F
8429,F
8431,F
8433,G
8435,G
8436,G
8437,G
8442,G
8444,G
8445,G
8447,G
8448,G
8453,G
8457,G
8459,E
8461,E
8463,F
8479,G
8481,G
8487,G
8489,D
8491,E
8493,E
8495,E
8497,E
8509,D
8510,D
8512,D
8513,D
8519,D
8520,D
8521,D
8522,D
8527,D
8528,D
8530,D
8531,D
8533,D
8536,D
8537,D
8539,D
8551,D
8552,D
8553,D
8554,D
8571,D
8572,E
8573,E
8574,E
8591,D
8593,D
8595,D
8597,D
8617,D
8619,E
8621,E
8623,E
8625,E
8637,E
8638,E
8639,E
8640,E
8645,E
8647,E
8649,E
8651,E
8653,E
8665,E
8666,E
8667,E
8668,F
8669,E
8671,E
8677,E
8689,D
8693,E
8697,E
8769,D
8773,E
8777,E
8834,E
8837,E
8840,E
8894,E
8897,F
8942,G
8944,G
8950,G
8954,G
8958,E
8959,F
8974,F
8976,F
9000,F
9006,F
9016,F
9022,F
9040,F
9048,F
9054,F
9064,G
9066,G
9070,G
9072,G
9088,G
9090,G
9100,D
9101,D
9102,D
9103,D
9108,D
9109,D
9110,D
9111,D
9124,E
9125,E
9128,E
9130,E
9132,E
9140,E
9141,E
9142,E
9146,E
9147,E
9150,E
9151,E
9158,E
9160,E
9162,E
9182,E
9183,E
9184,E
9194,E
9195,E
9202,D
9203,D
9204,D
9205,D
9218,D
9219,D
9220,D
9221,D
9334,F
9335,F
9336,F
9340,F
9341,F
9344,F
9345,F
9346,F
9356,F
9357,F
9364,E
9365,F
9366,F
9367,F
9376,E
9377,F
9378,F
9379,F
9400,G
9402,G
9416,F
9418,F
9420,F
9424,F
9428,G
9436,D
9438,E
9440,E
9456,F
9458,F
9464,F
9466,F
9468,G
9470,D
9471,D
9472,D
9478,D
9479,D
9480,D
9486,C
9490,C
9502,C
9508,C
9526,D
9527,E
9532,D
9533,D
9554,E
9558,E
9560,G
9561,F
9562,F
9563,F
9564,F
9565,F
9566,F
9567,F
9568,F
9569,F
9570,F
9571,F
9572,F
9573,F
9574,F
9575,F
9576,F
9577,F
9578,F
9579,F
9582,F
9585,F
9588,F
9591,F
9594,F
9600,F
9604,F
9608,F
9612,F
9616,F
9620,F
9777,F
9782,F
9787,F
9792,F
9797,F
9802,F
9833,F
9834,F
9835,F
9836,F
9837,F
9838,F
9839,F
9840,F
9841,F
9842,F
9843,F
9844,F
9845,F
9848,F
9851,F
9854,F
9860,F
9864,F
9868,F
9872,F
9989,F
9994,F
9999,F
10004,F
10026,F
10029,F
10032,F
10035,F
10038,F
10041,F
10044,F
10047,F
10050,F
10053,F
10056,F
10059,F
10298,F
10301,F
10304,F
10307,F
10310,F
10313,F
10316,F
10319,F
10490,F
10492,F
10498,F
10499,F
10500,F
10512,F
10513,F
10527,F
10576,F
10578,F
10582,F
10584,F
10585,F
10590,F
10592,F
10602,F
10603,F
10609,F
10611,F
10623,F
10629,F
10698,F
10712,F
10727,F
10784,F
10790,F
10802,F
10809,F
10823,F
10829,F
10898,F
10899,F
10930,F
10931,F
10938,F
10940,F
11053,F
11055,F
11057,F
11061,F
11065,F
11069,F
11073,F
11075,F
11077,F
11081,F
11085,F
11089,F
11123,F
11126,F
11129,F
11135,F
11141,F
11147,F
11243,F
11247,F
11251,F
11255,E
11260,E
11265,F
11277,F
11287,F
11297,F
12066,F
12068,F
12072,F
12074,F
12078,F
12080,F
12102,F
12105,F
12147,F
12151,F
12155,E
12157,E
12162,F
12176,F
12178,F
12181,F
12185,F
12272,F
12279,F
12433,F
12477,F
12783,G
12787,G
12791,F
12797,F
12799,F
12923,G
12939,G
13121,F
13123,F
13125,F
13129,F
13133,F
13137,F
13141,F
13144,F
13147,F
13153,F
13159,F
13165,F
13171,F
13173,F
13175,F
13179,F
13183,F
13187,F
13261,F
13264,F
13267,F
13273,F
13279,F
13285,F
14580,F
14582,F
14586,F
14588,F
14592,F
14595,F
14601,F
14604,F
14610,F
14612,F
14616,F
14618,F
14664,F
14667,F
14673,F
14676,F
16114,F
16117,F
16120,F
16126,F
16132,F
16138,F
17015,F
17018,F
17024,F
17027,F
17883,F
17887,F
17891,F
17896,F
17906,F
17916,F
18057,E
18061,E
18065,E
18069,E
18081,E
18093,F
18106,E
18120,E
18134,E
18483,F
18496,F
18657,E
18669,E
18706,E
19083,F
19096,F
19257,E
19269,E
19306,E
19695,F
19699,F
19733,F
19743,F
19961,E
19965,E
20003,F
20015,F
20065,E
20079,E
22413,F
22417,F
22422,F
22432,F
22501,F
22510,F
22589,F
22598,F
22685,F
22689,F
22717,F
22729,F
23223,F
23227,F
23231,F
23236,F
23246,F
23256,F
23397,E
23401,E
23405,E
23409,E
23415,E
23421,F
23428,E
23437,E
23446,E
23646,F
23659,F
23820,E
23832,E
23851,E
24069,F
24082,F
24243,E
24255,E
24274,E
24522,F
24524,F
24532,F
24534,F
24758,F
24764,F
24794,E
24796,E
24803,E
24805,E
26310,F
26314,F
26319,F
26329,F
26398,F
26407,F
26486,F
26495,F
26598,F
26600,F
26610,F
26612,F
27078,F
27079,F
27088,F
27089,F
27098,F
27099,F
27252,F
27253,F
27426,F
27427,F
27630,F
27632,F
27640,F
27642,F
28398,G
28408,G
28418,G
28482,G
28566,G
28680,G
28690,G
31914,F
31917,F
31920,F
31923,E
31924,E
31927,E
31928,E
31931,E
31932,F
32301,F
32316,E
32317,F
32724,F
32739,E
32740,F
32854,F
32958,E
32960,E
32962,E
32964,E
32974,E
32984,F
32994,E
33006,E
33018,E
34250,F
34392,E
34424,F
34470,E
36166,F
36216,E
36218,E
36586,F
36588,F
36590,F
36592,F
36600,F
36608,F
36694,F
36796,F
36898,F
36924,F
37300,F
37301,F
37308,F
37309,F
37316,F
37317,F
37444,E
37449,E
37454,F
37459,E
37461,E
37466,E
37468,E
37473,E
37475,E
38404,F
38405,F
38555,F
38581,E
38583,E
39604,F
39605,F
39660,F
39689,E
39691,E
39920,F
39921,F
39928,F
39929,F
39936,F
39937,F
40040,F
40160,F
40304,F
40305,F
40664,F
40665,F
40672,F
40673,F
40680,F
40681,F
41048,F
41049,F
41504,G
41506,G
41507,G
41512,G
41518,G
41524,G
41548,G
41592,G
41662,G
41825,E
41826,D
41827,C
41828,D
41829,C
41830,C
41831,D
41832,C
41833,D
41834,E
41835,B
41836,B
41837,D
41838,E
41839,D
41840,C
41841,D
41842,C
41843,C
41844,D
41845,C
41846,D
41847,E
41848,B
41849,B
41850,B
41851,D
41852,E
41853,E
41854,D
41855,D
41856,C
41857,E
41858,C
41859,E
41860,C
41861,D
41862,D
41863,E
41864,D
41865,E
41866,B
41867,B
41868,C
41869,C
41870,D
41871,C
41872,D
41873,C
41874,D
41875,E
41876,B
41877,C
41878,E
41879,D
41880,C
41881,D
41882,C
41883,C
41884,D
41885,E
41886,D
41887,C
41888,D
41889,E
41890,A
41891,A
41892,C
41893,B
41894,C
41895,D
41896,C
41897,D
41898,C
41899,E
41900,D
41901,B
41902,E
41903,D
41904,C
41905,C
41906,C
41907,C
41910,C
41911,C
41914,D
41915,D
41917,D
41918,D
41919,D
41920,B
41922,F
41923,C
41924,C
41925,C
41926,D
41927,D
41928,E
41929,E
41930,E
41931,E
41933,F
41936,F
41938,F
41939,F
41940,A
41941,A
41942,A
41943,F
41944,F
41947,G
41948,G
41949,G
41950,G
41953,G
41954,G
41955,C
41957,D
41958,C
41959,C
41960,C
41961,D
41962,D
41965,C
41966,C
41968,B
41969,B
41972,A
41974,A
41976,F
41977,C
41978,D
41979,D
41980,B
41981,E
41982,E
41983,C
41984,C
41985,D
41986,D
41987,E
41988,C
41989,D
41990,E
41991,E
41992,C
41993,C
41994,D
41995,D
41996,E
41998,D
41999,G
42000,F
42001,F
42002,F
42003,E
42004,E
42005,F
42006,E
42007,E
42008,E
42009,E
42010,F
42011,E
42012,E
42013,F
42014,E
42015,E
42016,E
42017,E
42021,F
42022,E
42023,E
42029,F
42030,E
42031,E
42032,E
42033,E
42034,F
42035,E
42037,F
42038,E
42039,E
42042,F
42043,F
42044,F
42045,E
42046,F
42047,E
42048,E
42049,E
42050,E
42051,F
42052,E
42053,E
42054,F
42055,E
42056,E
42057,E
42058,E
42061,E
42065,E
42066,E
42067,F
42068,E
42069,E
42070,F
42071,E
42072,E
42073,E
42074,E
42075,F
42076,E
42077,E
42078,F
42079,E
42080,E
42081,E
42082,E
42083,D
42084,D
42085,C
42086,D
42088,E
42089,C
42090,C
42091,C
42092,D
42093,E
42095,E
42097,E
42098,E
42099,E
42100,E
42102,D
42103,D
42104,B
42105,C
42106,C
42107,C
42108,C
42109,D
42110,C
42111,D
42112,E
42113,E
42114,E
42115,D
42116,C
42120,B
42121,B
42124,C
42125,C
42130,B
42131,B
42132,C
42133,B
42134,B
42136,E
42138,D
42139,E
42140,F
42143,F
42144,C
42145,C
42146,C
42147,C
42148,D
42149,C
42150,D
42151,D
42152,D
42153,D
42154,D
42155,B
42156,B
42157,B
42158,B
42159,B
42160,B
42161,B
42162,B
42163,B
42164,D
42165,D
42166,D
42167,D
42168,D
42169,C
42170,C
42171,C
42172,C
42173,C
42174,C
42175,E
42176,E
42177,C
42178,C
42179,D
42180,D
42181,C
42182,C
42183,C
42184,C
42185,B
42186,B
42187,C
42188,B
42189,B
42190,B
42191,B
42192,B
42193,D
42194,D
42195,D
42196,C
42197,C
42198,C
42199,C
42200,C
42203,C
42204,C
42205,C
42206,D
42207,D
42208,D
42209,C
42210,C
42211,C
42212,C
42213,C
42214,C
42215,C
42216,B
42217,B
42218,C
42219,B
42220,C
42221,A
42222,B
42224,B
42226,D
42227,D
42228,D
42229,D
42230,B
42231,C
42232,B
42233,C
42234,C
42237,C
42239,A
42261,B
42263,D
42264,E
42265,E
42266,D
42267,D
42268,D
42269,E
42270,E
42271,C
42272,C
42273,C
42274,C
42276,C
42278,D
42279,B
42284,C
42304,C
42309,C
42311,D
42316,E
42318,B
42323,B
42327,A
42333,C
42368,B
42371,C
42375,C
42376,D
42383,A
42384,B
42387,A
42399,F
42401,G
42402,D
42406,B
42410,D
42412,D
42415,C
42417,E
42420,D
42422,E
42424,E
42428,B
42431,D
42435,B
42452,E
42455,D
42459,D
42466,E
42469,D
42472,C
42475,E
42478,G
42480,G
42482,B
42485,D
42489,B
42496,D
42501,B
42508,E
42512,D
42515,D
42520,C
42524,E
42528,D
42531,C
42534,C
42535,C
42539,B
42545,C
42549,D
42553,C
42561,C
42600,D
42604,E
42609,D
42611,D
42613,C
42615,B
42617,C
42619,E
42621,E
42622,E
42625,E
42628,E
42629,E
42636,E
42638,E
42640,E
42641,D
42642,D
42643,E
42644,E
42645,D
42646,D
42648,D
42649,C
42650,C
42651,C
42652,B
42653,B
42655,B
42656,D
42657,C
42658,D
42659,C
42660,D
42661,C
42662,D
42663,C
42664,C
42666,C
42667,D
42669,D
42670,D
42672,E
42678,C
42679,D
42686,D
42689,C
42701,C
42702,A
42703,B
42704,A
42705,C
42706,B
42707,B
42708,B
42709,A
42710,B
42711,B
42712,D
42713,E
42714,D
42715,E
42716,C
42717,C
42718,B
42719,D
42720,C
42721,B
42722,D
42723,D
42724,B
42725,C
42726,C
42727,C
42728,C
42729,A
42730,A
42731,A
42732,A
42733,B
42734,A
42735,C
42736,D
42737,A
42738,A
42739,A
42740,A
42741,A
42742,B
42743,A
42744,D
42745,D
42746,E
42747,C
42748,B
42749,C
42750,B
42751,C
42752,D
42755,D
42756,E
42757,E
42758,E
42759,C
42760,D
42761,E
42762,D
42763,D
42764,D
42765,D
42766,C
42767,A
42768,B
42769,B
42770,A
42771,C
42772,C
42773,E
42774,B
42775,B
42776,D
42777,D
42778,C
42779,B
42780,B
42781,C
42782,D
42783,C
42784,D
42785,D
42786,E
42787,E
42788,C
42789,C
42790,B
42791,C
42792,B
42793,C
42794,C
42795,E
42796,D
42797,E
42798,D
42799,E
42800,E
42801,C
42802,C
42803,B
42804,C
42805,C
42806,D
42807,D
42808,E
42809,D
42810,D
42811,D
42812,E
42813,B
42814,B
42816,B
42817,C
42818,D
42819,D
42820,D
42821,D
42822,E
42823,B
42824,B
42825,C
42826,C
42827,D
42829,D
42830,D
42831,E
42832,B
42833,D
42834,E
42835,E
42836,E
42837,E
42838,E
42839,E
42840,E
42841,E
42842,E
42843,E
42844,E
42845,E
42846,E
42847,E
42849,D
42850,E
42851,C
42852,C
42853,C
42854,C
42855,B
42856,D
42857,D
42858,D
42859,D
42860,E
42861,C
42862,F
42863,E
42864,F
42865,F
42866,F
42867,F
42868,F
42869,F
42870,F
42871,F
42872,F
42873,F
42874,F
42875,E
42876,F
42877,F
42878,F
42879,F
42880,F
42881,F
42882,F
42883,F
42884,F
42885,F
42886,G
42887,G
42889,G
42891,G
42893,G
42895,G
42897,E
42898,E
42900,F
42901,E
42902,G
42903,F
42904,F
42905,F
42906,G
42907,G
42909,G
42910,E
42911,F
42913,E
42914,E
42915,F
42916,E
42917,G
42918,G
42919,F
42920,F
42921,F
42922,F
42923,F
42924,F
42925,F
42926,F
42927,G
42928,G
42929,F
42930,F
42931,G
42932,G
42933,G
42934,F
42935,G
42936,G
42937,G
42938,G
42939,G
42940,G
42941,E
42942,E
42943,G
42944,G
42945,G
42946,G
42947,G
42948,G
42951,F
42952,C
42953,B
42954,A
42955,A
42956,C
42957,B
42958,D
42959,B
42960,A
42961,A
42962,A
42963,A
42964,C
42965,B
42966,B
42967,A
42968,A
42970,A
42971,C
42972,C
42973,D
42974,D
42975,D
42976,D
42977,D
42978,E
42979,D
42980,E
42982,C
42983,C
42984,D
42985,E
42987,C
42988,C
42989,E
42990,B
42991,B
42992,D
42994,E
42995,E
42997,E
42998,B
42999,C
43000,B
43001,D
43002,C
43003,B
43004,D
43008,B
43009,B
43010,D
43011,E
43012,C
43013,D
43014,B
43015,C
43016,B
43017,D
43018,C
43019,B
43020,D
43024,E
43025,C
43026,E
43027,B
43028,B
43029,B
43030,A
43031,C
43032,B
43034,D
43035,B
43036,B
43037,B
43038,A
43039,C
43040,B
43042,E
43043,E
43044,D
43045,B
43046,C
43047,B
43048,D
43049,D
43050,C
43051,B
43052,B
43053,B
43054,A
43055,C
43056,B
43058,B
43059,D
43060,C
43061,C
43062,C
43063,C
43064,E
43065,E
43066,E
43067,C
43068,B
43069,B
43070,B
43071,B
43072,D
43074,C
43075,C
43076,C
43077,C
43078,C
43079,D
43080,B
43081,B
43082,B
43083,B
43084,B
43085,E
43086,E
43087,E
43088,E
43089,E
43090,E
43091,E
43092,E
43093,E
43094,E
43095,E
43096,E
43097,E
43098,E
43099,C
43100,C
43101,D
43102,B
43103,A
43104,A
43105,C
43109,E
43110,E
43111,C
43112,C
43113,C
43114,C
43115,C
43127,G
43129,G
43131,G
43135,G
43137,G
43141,G
43143,D
43144,D
43145,D
43146,D
43147,D
43148,E
43149,D
43150,D
43151,D
43152,D
43153,D
43154,D
43155,E
43156,E
43157,E
43158,E
43159,C
43160,B
43161,C
43162,C
43163,C
43164,B
43165,C
43166,C
43167,D
43168,E
43169,E
43170,D
43172,C
43173,B
43174,C
43175,B
43176,E
43177,E
43178,D
43180,B
43181,C
43182,B
43183,B
43184,B
43185,C
43186,B
43187,B
43188,B
43189,A
43190,A
43191,C
43192,C
43193,C
43194,C
43196,C
43197,B
43198,B
43199,C
43200,B
43201,B
43202,A
43203,A
43204,C
43205,C
43206,C
43207,C
43208,C
43210,B
43211,B
43212,B
43213,B
43214,B
43215,B
43216,A
43217,B
43218,B
43220,B
43221,C
43222,C
43223,B
43224,B
43225,B
43226,B
43227,B
43228,B
43229,A
43230,B
43231,B
43233,B
43234,A
43235,B
43236,B
43237,A
43238,B
43239,C
43240,B
43241,B
43242,B
43243,B
43244,C
43245,B
43246,B
43247,C
43248,B
43249,A
43250,B
43251,B
43252,A
43253,B
43254,D
43256,B
43258,B
43262,B
43264,C
43267,C
43268,C
43269,A
43270,A
43272,C
43273,B
43274,B
43277,B
43278,C
43279,C
43280,C
43281,A
43284,C
43285,D
43286,D
43287,D
43291,D
43292,D
43293,D
43298,A
43301,C
43302,C
43305,B
43306,B
43307,B
43311,C
43312,C
43315,E
43316,E
43317,E
43320,E
43321,E
43322,E
43325,D
43326,D
43327,D
43330,D
43331,D
43332,D
43336,D
43337,D
43338,D
43341,D
43342,D
43343,D
43346,C
43350,C
43354,D
43355,D
43356,D
43360,D
43361,D
43362,D
43367,B
43370,C
43371,C
43374,B
43375,B
43376,B
43380,D
43381,D
43385,C
43388,E
43389,E
43390,E
43393,E
43394,E
43395,E
43398,D
43399,D
43400,D
43403,D
43404,D
43405,D
43409,D
43410,D
43411,D
43414,D
43415,D
43416,D
43419,D
43423,C
43427,D
43428,D
43430,D
43431,D
43432,D
43434,E
43437,D
43438,D
43441,C
43442,C
43443,D
43444,B
43445,B
43446,B
43447,B
43448,A
43449,C
43450,B
43451,B
43452,B
43453,C
43454,C
43455,C
43461,C
43467,C
43472,C
43475,C
43484,B
43487,B
43490,D
43491,D
43496,B
43498,C
43501,E
43508,F
43512,D
43516,D
43517,C
43521,E
43523,D
43526,D
43530,E
43534,D
43535,D
43539,B
43541,C
43544,E
43545,E
43549,F
43550,F
43554,D
43555,D
43559,D
43560,C
43564,E
43566,D
43570,D
43574,E
43578,B
43580,D
43581,D
43585,D
43591,E
43594,C
43595,C
43599,C
43600,E
43603,D
43606,D
43609,D
43612,A
43613,A
43614,A
43616,A
43618,B
43620,B
43624,B
43626,B
43630,B
43632,A
43634,A
43636,A
43637,A
43638,B
43639,B
43640,B
43644,B
43646,B
43650,B
43652,A
43654,A
43664,D
43665,D
43666,E
43667,E
43668,D
43669,E
43670,F
43671,E
43672,F
43673,E
43674,E
43675,E
43676,E
43677,D
43678,D
43679,D
43681,D
43682,D
43684,F
43685,F
43687,D
43690,D
43691,D
43692,F
43693,B
43694,B
43695,C
43696,D
43697,D
43699,D
43700,B
43701,A
43702,E
43703,E
43704,E
43706,E
43708,B
43709,C
43710,C
43711,B
43712,D
43714,C
43716,B
43718,B
43720,B
43721,D
43722,C
43724,B
43726,B
43728,C
43729,C
43730,C
43733,B
43734,B
43735,B
43736,A
43740,C
43745,B
43748,B
43751,E
43752,E
43753,D
43755,D
43756,E
43757,E
43758,D
43760,D
43761,D
43762,D
43763,D
43764,B
43765,A
43766,A
43767,B
43768,A
43769,A
43770,E
43771,E
43772,A
43775,F
43776,F
43778,F
43779,F
43781,G
43790,C
43793,D
43794,D
43798,E
43799,E
43802,E
43803,E
43809,C
43813,E
43815,D
43819,B
43821,B
43823,C
43827,B
43828,B
43829,B
43834,B
43835,B
43836,B
43837,B
43840,C
43841,C
43860,D
43862,D
43864,D
43866,C
43867,C
43868,C
43872,C
43873,D
43874,D
43875,D
43878,D
43881,D
43896,C
43897,D
43898,C
43899,D
43902,D
43905,D
43908,C
43909,D
43910,C
43911,D
43914,D
43917,D
43920,D
43922,D
43924,D
43928,D
43930,D
43932,C
43933,C
43934,C
43939,C
43940,C
43950,D
43952,D
43967,D
43969,D
43979,D
43989,D
43999,C
44006,C
44009,C
44010,C
44011,D
44014,D
44022,D
44024,C
44029,D
44032,D
44034,D
44036,D
44037,D
44038,D
44039,D
44042,D
44045,D
44060,D
44061,D
44062,D
44063,D
44066,D
44069,D
44073,D
44074,D
44078,D
44081,D
44090,D
44092,D
44102,D
44107,D
44109,D
44110,D
44116,D
44117,D
44118,D
44119,E
44122,E
44125,E
44128,D
44130,E
44132,E
44134,D
44135,D
44136,D
44140,D
44141,D
44142,D
44143,E
44146,E
44149,E
44152,D
44154,E
44156,D
44158,D
44159,D
44160,D
44170,E
44172,D
44182,D
44183,D
44187,E
44189,D
44190,E
44193,E
44198,E
44207,E
44209,E
44211,D
44217,D
44221,D
44222,D
44224,D
44227,E
44229,E
44231,E
44233,E
44235,E
44237,E
44240,E
44243,E
44245,E
44247,E
44249,E
44252,E
44254,E
44257,E
44260,E
44262,E
44264,E
44266,E
44268,E
44271,E
44277,E
44501,E
44502,E
44503,E
44504,F
44505,E
44506,F
44507,E
44508,E
44509,F
44510,F
44511,E
44512,E
44513,E
44514,E
44515,E
44516,E
44517,E
44518,E
44519,E
44520,E
44521,F
44522,F
44523,F
44524,F
44525,D
44526,D
44527,C
44528,B
44529,C
44530,C
44531,C
44532,C
44533,E
44534,E
44535,E
44536,E
44537,E
44538,E
44539,E
44540,E
44541,E
44542,E
44543,D
44544,E
44545,C
44546,C
44547,D
44548,B
44549,B
44550,A
44551,C
44552,E
44553,B
44554,C
44555,D
44556,D
44557,C
44558,C
44559,E
44560,E
44561,E
44562,C
44563,B
44564,D
44565,D
44566,C
44567,D
44568,B
44569,B
44570,B
44571,D
44572,C
44573,C
44574,C
44575,D
44576,D
44577,C
44578,B
44579,B
44580,C
44581,D
44582,C
44583,B
44584,B
44585,B
44586,A
44587,B
44588,B
44589,B
44590,C
44591,B
44592,B
44593,B
44594,C
44596,E
44598,E
44599,E
44601,E
44602,E
44606,E
44608,E
44609,E
44610,F
44611,F
44613,E
44614,F
44615,F
44616,E
44617,E
44618,E
44619,F
44620,E
44622,E
44623,E
44624,F
44626,E
44628,F
44629,E
44630,F
44631,F
44633,E
44634,E
44635,E
44636,E
44637,F
44638,F
44639,F
44641,F
44643,D
44644,D
44645,B
44646,B
44647,B
44648,C
44649,B
44650,C
44651,C
44652,B
44653,D
44654,D
44655,D
44656,B
44657,B
44658,C
44659,B
44660,C
44661,C
44662,D
44663,C
44664,C
44665,D
44666,D
44667,F
44668,B
44669,C
44670,C
44671,C
44672,D
44673,D
44674,D
44675,G
44676,F
44677,F
44678,G
44679,B
44680,A
44681,B
44682,B
44683,C
44684,C
44685,A
44686,A
44687,C
44688,C
44689,C
44690,C
44691,C
44692,D
44693,D
44694,D
44695,E
44696,E
44697,E
44698,E
44699,D
44700,C
44701,C
44702,C
44703,D
44704,D
44705,D
44706,D
44707,D
44708,D
44709,E
44710,E
44711,D
44712,C
44713,D
44714,D
44715,C
44716,D
44717,D
44718,F
44719,E
44720,F
44721,E
44722,E
44724,C
44725,C
44726,B
44727,C
44728,B
44729,C
44730,D
44731,D
44732,C
44733,C
44734,C
44735,D
44736,D
44737,D
44738,B
44739,A
44740,B
44741,B
44742,A
44743,B
44744,C
44745,B
44746,C
44747,D
44748,E
44749,D
44750,D
44751,D
44752,E
44753,B
44754,B
44755,B
44756,C
44757,B
44758,F
44759,E
44760,D
44761,E
44762,C
44763,F
44764,C
44765,B
44766,E
44767,D
44768,E
44769,D
44770,E
44771,B
44772,C
44773,B
44774,F
44775,C
44776,E
44777,C
44778,C
44779,D
44780,C
44781,B
44782,C
44783,B
44784,E
44785,A
44786,B
44789,A
44790,B
44793,E
44794,C
44795,D
44796,C
44797,B
44798,C
44799,B
44800,E
44801,E
44802,A
44803,B
44804,C
44805,B
44806,C
44807,E
44808,E
44809,D
44810,E
44811,E
44812,E
44813,B
44814,B
44815,B
44816,E
44817,C
44818,B
44819,F
44821,C
44822,B
44823,E
44824,D
44825,E
44826,E
44827,E
44828,C
44829,E
44830,C
44831,B
44832,F
44833,D
44834,C
44835,E
44836,E
44837,C
44838,E
44839,C
44840,D
44841,C
44842,F
44843,E
44844,C
44845,E
44846,C
44847,D
44848,C
44849,F
